datum_stanja,naziv,vrsta,cetvrt,dobna_skupina,uzrast,program,slobodnih
2023-03-01,Budućnost,Gradski DV,DONJI GRAD,Jaslice,1 do 2 godine,Redoviti,0
2023-03-01,Budućnost,Gradski DV,DONJI GRAD,Jaslice,1 do 2 godine,Posebni,0
2023-03-01,Budućnost,Gradski DV,DONJI GRAD,Jaslice,2 do 3 godine,Redoviti,0
2023-03-01,Budućnost,Gradski DV,DONJI GRAD,Jaslice,2 do 3 godine,Posebni,0
2023-03-01,Budućnost,Gradski DV,DONJI GRAD,Jaslice,1 do 3 godine mješovita,Redoviti,0
2023-03-01,Budućnost,Gradski DV,DONJI GRAD,Jaslice,1 do 3 godine mješovita,Posebni,0
2023-03-01,Budućnost,Gradski DV,DONJI GRAD,Vrtić,3 do 4 godine,Redoviti,0
2023-03-01,Budućnost,Gradski DV,DONJI GRAD,Vrtić,3 do 4 godine,Posebni,0
2023-03-01,Budućnost,Gradski DV,DONJI GRAD,Vrtić,4 do 5 godina,Redoviti,0
2023-03-01,Budućnost,Gradski DV,DONJI GRAD,Vrtić,4 do 5 godina,Posebni,0
2023-03-01,Budućnost,Gradski DV,DONJI GRAD,Vrtić,5 godina do OŠ,Redoviti,0
2023-03-01,Budućnost,Gradski DV,DONJI GRAD,Vrtić,5 godina do OŠ,Posebni,0
2023-03-01,Budućnost,Gradski DV,DONJI GRAD,Vrtić,3 godine do OŠ mješovita,Redoviti,0
2023-03-01,Budućnost,Gradski DV,DONJI GRAD,Vrtić,3 godine do OŠ mješovita,Posebni,0
2023-03-01,Izvor,Gradski DV,DONJI GRAD,Jaslice,1 do 2 godine,Redoviti,0
2023-03-01,Izvor,Gradski DV,DONJI GRAD,Jaslice,1 do 2 godine,Posebni,0
2023-03-01,Izvor,Gradski DV,DONJI GRAD,Jaslice,2 do 3 godine,Redoviti,0
2023-03-01,Izvor,Gradski DV,DONJI GRAD,Jaslice,2 do 3 godine,Posebni,0
2023-03-01,Izvor,Gradski DV,DONJI GRAD,Jaslice,1 do 3 godine mješovita,Redoviti,0
2023-03-01,Izvor,Gradski DV,DONJI GRAD,Jaslice,1 do 3 godine mješovita,Posebni,0
2023-03-01,Izvor,Gradski DV,DONJI GRAD,Vrtić,3 do 4 godine,Redoviti,0
2023-03-01,Izvor,Gradski DV,DONJI GRAD,Vrtić,3 do 4 godine,Posebni,0
2023-03-01,Izvor,Gradski DV,DONJI GRAD,Vrtić,4 do 5 godina,Redoviti,0
2023-03-01,Izvor,Gradski DV,DONJI GRAD,Vrtić,4 do 5 godina,Posebni,0
2023-03-01,Izvor,Gradski DV,DONJI GRAD,Vrtić,5 godina do OŠ,Redoviti,0
2023-03-01,Izvor,Gradski DV,DONJI GRAD,Vrtić,5 godina do OŠ,Posebni,0
2023-03-01,Izvor,Gradski DV,DONJI GRAD,Vrtić,3 godine do OŠ mješovita,Redoviti,0
2023-03-01,Izvor,Gradski DV,DONJI GRAD,Vrtić,3 godine do OŠ mješovita,Posebni,0
2023-03-01,Krijesnice,Gradski DV,DONJI GRAD,Jaslice,1 do 2 godine,Redoviti,0
2023-03-01,Krijesnice,Gradski DV,DONJI GRAD,Jaslice,1 do 2 godine,Posebni,0
2023-03-01,Krijesnice,Gradski DV,DONJI GRAD,Jaslice,2 do 3 godine,Redoviti,0
2023-03-01,Krijesnice,Gradski DV,DONJI GRAD,Jaslice,2 do 3 godine,Posebni,0
2023-03-01,Krijesnice,Gradski DV,DONJI GRAD,Jaslice,1 do 3 godine mješovita,Redoviti,0
2023-03-01,Krijesnice,Gradski DV,DONJI GRAD,Jaslice,1 do 3 godine mješovita,Posebni,0
2023-03-01,Krijesnice,Gradski DV,DONJI GRAD,Vrtić,3 do 4 godine,Redoviti,0
2023-03-01,Krijesnice,Gradski DV,DONJI GRAD,Vrtić,3 do 4 godine,Posebni,0
2023-03-01,Krijesnice,Gradski DV,DONJI GRAD,Vrtić,4 do 5 godina,Redoviti,0
2023-03-01,Krijesnice,Gradski DV,DONJI GRAD,Vrtić,4 do 5 godina,Posebni,0
2023-03-01,Krijesnice,Gradski DV,DONJI GRAD,Vrtić,5 godina do OŠ,Redoviti,0
2023-03-01,Krijesnice,Gradski DV,DONJI GRAD,Vrtić,5 godina do OŠ,Posebni,2
2023-03-01,Krijesnice,Gradski DV,DONJI GRAD,Vrtić,3 godine do OŠ mješovita,Redoviti,0
2023-03-01,Krijesnice,Gradski DV,DONJI GRAD,Vrtić,3 godine do OŠ mješovita,Posebni,0
2023-03-01,Različak,Gradski DV,DONJI GRAD,Jaslice,1 do 2 godine,Redoviti,0
2023-03-01,Različak,Gradski DV,DONJI GRAD,Jaslice,1 do 2 godine,Posebni,0
2023-03-01,Različak,Gradski DV,DONJI GRAD,Jaslice,2 do 3 godine,Redoviti,0
2023-03-01,Različak,Gradski DV,DONJI GRAD,Jaslice,2 do 3 godine,Posebni,0
2023-03-01,Različak,Gradski DV,DONJI GRAD,Jaslice,1 do 3 godine mješovita,Redoviti,0
2023-03-01,Različak,Gradski DV,DONJI GRAD,Jaslice,1 do 3 godine mješovita,Posebni,0
2023-03-01,Različak,Gradski DV,DONJI GRAD,Vrtić,3 do 4 godine,Redoviti,0
2023-03-01,Različak,Gradski DV,DONJI GRAD,Vrtić,3 do 4 godine,Posebni,0
2023-03-01,Različak,Gradski DV,DONJI GRAD,Vrtić,4 do 5 godina,Redoviti,1
2023-03-01,Različak,Gradski DV,DONJI GRAD,Vrtić,4 do 5 godina,Posebni,0
2023-03-01,Različak,Gradski DV,DONJI GRAD,Vrtić,5 godina do OŠ,Redoviti,3
2023-03-01,Različak,Gradski DV,DONJI GRAD,Vrtić,5 godina do OŠ,Posebni,0
2023-03-01,Različak,Gradski DV,DONJI GRAD,Vrtić,3 godine do OŠ mješovita,Redoviti,0
2023-03-01,Različak,Gradski DV,DONJI GRAD,Vrtić,3 godine do OŠ mješovita,Posebni,1
2023-03-01,Vedri dani,Gradski DV,DONJI GRAD,Jaslice,1 do 2 godine,Redoviti,0
2023-03-01,Vedri dani,Gradski DV,DONJI GRAD,Jaslice,1 do 2 godine,Posebni,0
2023-03-01,Vedri dani,Gradski DV,DONJI GRAD,Jaslice,2 do 3 godine,Redoviti,0
2023-03-01,Vedri dani,Gradski DV,DONJI GRAD,Jaslice,2 do 3 godine,Posebni,0
2023-03-01,Vedri dani,Gradski DV,DONJI GRAD,Jaslice,1 do 3 godine mješovita,Redoviti,0
2023-03-01,Vedri dani,Gradski DV,DONJI GRAD,Jaslice,1 do 3 godine mješovita,Posebni,0
2023-03-01,Vedri dani,Gradski DV,DONJI GRAD,Vrtić,3 do 4 godine,Redoviti,0
2023-03-01,Vedri dani,Gradski DV,DONJI GRAD,Vrtić,3 do 4 godine,Posebni,0
2023-03-01,Vedri dani,Gradski DV,DONJI GRAD,Vrtić,4 do 5 godina,Redoviti,0
2023-03-01,Vedri dani,Gradski DV,DONJI GRAD,Vrtić,4 do 5 godina,Posebni,0
2023-03-01,Vedri dani,Gradski DV,DONJI GRAD,Vrtić,5 godina do OŠ,Redoviti,0
2023-03-01,Vedri dani,Gradski DV,DONJI GRAD,Vrtić,5 godina do OŠ,Posebni,0
2023-03-01,Vedri dani,Gradski DV,DONJI GRAD,Vrtić,3 godine do OŠ mješovita,Redoviti,0
2023-03-01,Vedri dani,Gradski DV,DONJI GRAD,Vrtić,3 godine do OŠ mješovita,Posebni,0
2023-03-01,Medveščak,Gradski DV,GORNJI GRAD - MEDVEŠČAK,Jaslice,1 do 2 godine,Redoviti,0
2023-03-01,Medveščak,Gradski DV,GORNJI GRAD - MEDVEŠČAK,Jaslice,1 do 2 godine,Posebni,0
2023-03-01,Medveščak,Gradski DV,GORNJI GRAD - MEDVEŠČAK,Jaslice,2 do 3 godine,Redoviti,0
2023-03-01,Medveščak,Gradski DV,GORNJI GRAD - MEDVEŠČAK,Jaslice,2 do 3 godine,Posebni,0
2023-03-01,Medveščak,Gradski DV,GORNJI GRAD - MEDVEŠČAK,Jaslice,1 do 3 godine mješovita,Redoviti,0
2023-03-01,Medveščak,Gradski DV,GORNJI GRAD - MEDVEŠČAK,Jaslice,1 do 3 godine mješovita,Posebni,0
2023-03-01,Medveščak,Gradski DV,GORNJI GRAD - MEDVEŠČAK,Vrtić,3 do 4 godine,Redoviti,0
2023-03-01,Medveščak,Gradski DV,GORNJI GRAD - MEDVEŠČAK,Vrtić,3 do 4 godine,Posebni,0
2023-03-01,Medveščak,Gradski DV,GORNJI GRAD - MEDVEŠČAK,Vrtić,4 do 5 godina,Redoviti,0
2023-03-01,Medveščak,Gradski DV,GORNJI GRAD - MEDVEŠČAK,Vrtić,4 do 5 godina,Posebni,0
2023-03-01,Medveščak,Gradski DV,GORNJI GRAD - MEDVEŠČAK,Vrtić,5 godina do OŠ,Redoviti,0
2023-03-01,Medveščak,Gradski DV,GORNJI GRAD - MEDVEŠČAK,Vrtić,5 godina do OŠ,Posebni,0
2023-03-01,Medveščak,Gradski DV,GORNJI GRAD - MEDVEŠČAK,Vrtić,3 godine do OŠ mješovita,Redoviti,0
2023-03-01,Medveščak,Gradski DV,GORNJI GRAD - MEDVEŠČAK,Vrtić,3 godine do OŠ mješovita,Posebni,0
2023-03-01,Tatjane Marinić,Gradski DV,GORNJI GRAD - MEDVEŠČAK,Jaslice,1 do 2 godine,Redoviti,0
2023-03-01,Tatjane Marinić,Gradski DV,GORNJI GRAD - MEDVEŠČAK,Jaslice,1 do 2 godine,Posebni,0
2023-03-01,Tatjane Marinić,Gradski DV,GORNJI GRAD - MEDVEŠČAK,Jaslice,2 do 3 godine,Redoviti,0
2023-03-01,Tatjane Marinić,Gradski DV,GORNJI GRAD - MEDVEŠČAK,Jaslice,2 do 3 godine,Posebni,0
2023-03-01,Tatjane Marinić,Gradski DV,GORNJI GRAD - MEDVEŠČAK,Jaslice,1 do 3 godine mješovita,Redoviti,0
2023-03-01,Tatjane Marinić,Gradski DV,GORNJI GRAD - MEDVEŠČAK,Jaslice,1 do 3 godine mješovita,Posebni,0
2023-03-01,Tatjane Marinić,Gradski DV,GORNJI GRAD - MEDVEŠČAK,Vrtić,3 do 4 godine,Redoviti,0
2023-03-01,Tatjane Marinić,Gradski DV,GORNJI GRAD - MEDVEŠČAK,Vrtić,3 do 4 godine,Posebni,0
2023-03-01,Tatjane Marinić,Gradski DV,GORNJI GRAD - MEDVEŠČAK,Vrtić,4 do 5 godina,Redoviti,0
2023-03-01,Tatjane Marinić,Gradski DV,GORNJI GRAD - MEDVEŠČAK,Vrtić,4 do 5 godina,Posebni,0
2023-03-01,Tatjane Marinić,Gradski DV,GORNJI GRAD - MEDVEŠČAK,Vrtić,5 godina do OŠ,Redoviti,0
2023-03-01,Tatjane Marinić,Gradski DV,GORNJI GRAD - MEDVEŠČAK,Vrtić,5 godina do OŠ,Posebni,0
2023-03-01,Tatjane Marinić,Gradski DV,GORNJI GRAD - MEDVEŠČAK,Vrtić,3 godine do OŠ mješovita,Redoviti,0
2023-03-01,Tatjane Marinić,Gradski DV,GORNJI GRAD - MEDVEŠČAK,Vrtić,3 godine do OŠ mješovita,Posebni,0
2023-03-01,Vjeverica,Gradski DV,GORNJI GRAD - MEDVEŠČAK,Jaslice,1 do 2 godine,Redoviti,0
2023-03-01,Vjeverica,Gradski DV,GORNJI GRAD - MEDVEŠČAK,Jaslice,1 do 2 godine,Posebni,0
2023-03-01,Vjeverica,Gradski DV,GORNJI GRAD - MEDVEŠČAK,Jaslice,2 do 3 godine,Redoviti,0
2023-03-01,Vjeverica,Gradski DV,GORNJI GRAD - MEDVEŠČAK,Jaslice,2 do 3 godine,Posebni,0
2023-03-01,Vjeverica,Gradski DV,GORNJI GRAD - MEDVEŠČAK,Jaslice,1 do 3 godine mješovita,Redoviti,0
2023-03-01,Vjeverica,Gradski DV,GORNJI GRAD - MEDVEŠČAK,Jaslice,1 do 3 godine mješovita,Posebni,0
2023-03-01,Vjeverica,Gradski DV,GORNJI GRAD - MEDVEŠČAK,Vrtić,3 do 4 godine,Redoviti,0
2023-03-01,Vjeverica,Gradski DV,GORNJI GRAD - MEDVEŠČAK,Vrtić,3 do 4 godine,Posebni,0
2023-03-01,Vjeverica,Gradski DV,GORNJI GRAD - MEDVEŠČAK,Vrtić,4 do 5 godina,Redoviti,0
2023-03-01,Vjeverica,Gradski DV,GORNJI GRAD - MEDVEŠČAK,Vrtić,4 do 5 godina,Posebni,0
2023-03-01,Vjeverica,Gradski DV,GORNJI GRAD - MEDVEŠČAK,Vrtić,5 godina do OŠ,Redoviti,0
2023-03-01,Vjeverica,Gradski DV,GORNJI GRAD - MEDVEŠČAK,Vrtić,5 godina do OŠ,Posebni,0
2023-03-01,Vjeverica,Gradski DV,GORNJI GRAD - MEDVEŠČAK,Vrtić,3 godine do OŠ mješovita,Redoviti,0
2023-03-01,Vjeverica,Gradski DV,GORNJI GRAD - MEDVEŠČAK,Vrtić,3 godine do OŠ mješovita,Posebni,0
2023-03-01,Iskrica,Gradski DV,TRNJE,Jaslice,1 do 2 godine,Redoviti,0
2023-03-01,Iskrica,Gradski DV,TRNJE,Jaslice,1 do 2 godine,Posebni,0
2023-03-01,Iskrica,Gradski DV,TRNJE,Jaslice,2 do 3 godine,Redoviti,0
2023-03-01,Iskrica,Gradski DV,TRNJE,Jaslice,2 do 3 godine,Posebni,0
2023-03-01,Iskrica,Gradski DV,TRNJE,Jaslice,1 do 3 godine mješovita,Redoviti,0
2023-03-01,Iskrica,Gradski DV,TRNJE,Jaslice,1 do 3 godine mješovita,Posebni,0
2023-03-01,Iskrica,Gradski DV,TRNJE,Vrtić,3 do 4 godine,Redoviti,0
2023-03-01,Iskrica,Gradski DV,TRNJE,Vrtić,3 do 4 godine,Posebni,0
2023-03-01,Iskrica,Gradski DV,TRNJE,Vrtić,4 do 5 godina,Redoviti,0
2023-03-01,Iskrica,Gradski DV,TRNJE,Vrtić,4 do 5 godina,Posebni,0
2023-03-01,Iskrica,Gradski DV,TRNJE,Vrtić,5 godina do OŠ,Redoviti,0
2023-03-01,Iskrica,Gradski DV,TRNJE,Vrtić,5 godina do OŠ,Posebni,0
2023-03-01,Iskrica,Gradski DV,TRNJE,Vrtić,3 godine do OŠ mješovita,Redoviti,0
2023-03-01,Iskrica,Gradski DV,TRNJE,Vrtić,3 godine do OŠ mješovita,Posebni,0
2023-03-01,Savica,Gradski DV,TRNJE,Jaslice,1 do 2 godine,Redoviti,0
2023-03-01,Savica,Gradski DV,TRNJE,Jaslice,1 do 2 godine,Posebni,0
2023-03-01,Savica,Gradski DV,TRNJE,Jaslice,2 do 3 godine,Redoviti,0
2023-03-01,Savica,Gradski DV,TRNJE,Jaslice,2 do 3 godine,Posebni,0
2023-03-01,Savica,Gradski DV,TRNJE,Jaslice,1 do 3 godine mješovita,Redoviti,0
2023-03-01,Savica,Gradski DV,TRNJE,Jaslice,1 do 3 godine mješovita,Posebni,0
2023-03-01,Savica,Gradski DV,TRNJE,Vrtić,3 do 4 godine,Redoviti,0
2023-03-01,Savica,Gradski DV,TRNJE,Vrtić,3 do 4 godine,Posebni,0
2023-03-01,Savica,Gradski DV,TRNJE,Vrtić,4 do 5 godina,Redoviti,0
2023-03-01,Savica,Gradski DV,TRNJE,Vrtić,4 do 5 godina,Posebni,0
2023-03-01,Savica,Gradski DV,TRNJE,Vrtić,5 godina do OŠ,Redoviti,0
2023-03-01,Savica,Gradski DV,TRNJE,Vrtić,5 godina do OŠ,Posebni,0
2023-03-01,Savica,Gradski DV,TRNJE,Vrtić,3 godine do OŠ mješovita,Redoviti,0
2023-03-01,Savica,Gradski DV,TRNJE,Vrtić,3 godine do OŠ mješovita,Posebni,0
2023-03-01,Vladimira Nazora,Gradski DV,TRNJE,Jaslice,1 do 2 godine,Redoviti,0
2023-03-01,Vladimira Nazora,Gradski DV,TRNJE,Jaslice,1 do 2 godine,Posebni,0
2023-03-01,Vladimira Nazora,Gradski DV,TRNJE,Jaslice,2 do 3 godine,Redoviti,0
2023-03-01,Vladimira Nazora,Gradski DV,TRNJE,Jaslice,2 do 3 godine,Posebni,0
2023-03-01,Vladimira Nazora,Gradski DV,TRNJE,Jaslice,1 do 3 godine mješovita,Redoviti,0
2023-03-01,Vladimira Nazora,Gradski DV,TRNJE,Jaslice,1 do 3 godine mješovita,Posebni,0
2023-03-01,Vladimira Nazora,Gradski DV,TRNJE,Vrtić,3 do 4 godine,Redoviti,0
2023-03-01,Vladimira Nazora,Gradski DV,TRNJE,Vrtić,3 do 4 godine,Posebni,0
2023-03-01,Vladimira Nazora,Gradski DV,TRNJE,Vrtić,4 do 5 godina,Redoviti,0
2023-03-01,Vladimira Nazora,Gradski DV,TRNJE,Vrtić,4 do 5 godina,Posebni,0
2023-03-01,Vladimira Nazora,Gradski DV,TRNJE,Vrtić,5 godina do OŠ,Redoviti,0
2023-03-01,Vladimira Nazora,Gradski DV,TRNJE,Vrtić,5 godina do OŠ,Posebni,0
2023-03-01,Vladimira Nazora,Gradski DV,TRNJE,Vrtić,3 godine do OŠ mješovita,Redoviti,0
2023-03-01,Vladimira Nazora,Gradski DV,TRNJE,Vrtić,3 godine do OŠ mješovita,Posebni,0
2023-03-01,Vrbik,Gradski DV,TRNJE,Jaslice,1 do 2 godine,Redoviti,0
2023-03-01,Vrbik,Gradski DV,TRNJE,Jaslice,1 do 2 godine,Posebni,0
2023-03-01,Vrbik,Gradski DV,TRNJE,Jaslice,2 do 3 godine,Redoviti,0
2023-03-01,Vrbik,Gradski DV,TRNJE,Jaslice,2 do 3 godine,Posebni,0
2023-03-01,Vrbik,Gradski DV,TRNJE,Jaslice,1 do 3 godine mješovita,Redoviti,0
2023-03-01,Vrbik,Gradski DV,TRNJE,Jaslice,1 do 3 godine mješovita,Posebni,0
2023-03-01,Vrbik,Gradski DV,TRNJE,Vrtić,3 do 4 godine,Redoviti,0
2023-03-01,Vrbik,Gradski DV,TRNJE,Vrtić,3 do 4 godine,Posebni,0
2023-03-01,Vrbik,Gradski DV,TRNJE,Vrtić,4 do 5 godina,Redoviti,1
2023-03-01,Vrbik,Gradski DV,TRNJE,Vrtić,4 do 5 godina,Posebni,0
2023-03-01,Vrbik,Gradski DV,TRNJE,Vrtić,5 godina do OŠ,Redoviti,2
2023-03-01,Vrbik,Gradski DV,TRNJE,Vrtić,5 godina do OŠ,Posebni,0
2023-03-01,Vrbik,Gradski DV,TRNJE,Vrtić,3 godine do OŠ mješovita,Redoviti,0
2023-03-01,Vrbik,Gradski DV,TRNJE,Vrtić,3 godine do OŠ mješovita,Posebni,5
2023-03-01,Bukovac,Gradski DV,MAKSIMIR,Jaslice,1 do 2 godine,Redoviti,0
2023-03-01,Bukovac,Gradski DV,MAKSIMIR,Jaslice,1 do 2 godine,Posebni,0
2023-03-01,Bukovac,Gradski DV,MAKSIMIR,Jaslice,2 do 3 godine,Redoviti,0
2023-03-01,Bukovac,Gradski DV,MAKSIMIR,Jaslice,2 do 3 godine,Posebni,0
2023-03-01,Bukovac,Gradski DV,MAKSIMIR,Jaslice,1 do 3 godine mješovita,Redoviti,0
2023-03-01,Bukovac,Gradski DV,MAKSIMIR,Jaslice,1 do 3 godine mješovita,Posebni,0
2023-03-01,Bukovac,Gradski DV,MAKSIMIR,Vrtić,3 do 4 godine,Redoviti,0
2023-03-01,Bukovac,Gradski DV,MAKSIMIR,Vrtić,3 do 4 godine,Posebni,0
2023-03-01,Bukovac,Gradski DV,MAKSIMIR,Vrtić,4 do 5 godina,Redoviti,0
2023-03-01,Bukovac,Gradski DV,MAKSIMIR,Vrtić,4 do 5 godina,Posebni,0
2023-03-01,Bukovac,Gradski DV,MAKSIMIR,Vrtić,5 godina do OŠ,Redoviti,0
2023-03-01,Bukovac,Gradski DV,MAKSIMIR,Vrtić,5 godina do OŠ,Posebni,0
2023-03-01,Bukovac,Gradski DV,MAKSIMIR,Vrtić,3 godine do OŠ mješovita,Redoviti,0
2023-03-01,Bukovac,Gradski DV,MAKSIMIR,Vrtić,3 godine do OŠ mješovita,Posebni,0
2023-03-01,Maksimir,Gradski DV,MAKSIMIR,Jaslice,1 do 2 godine,Redoviti,0
2023-03-01,Maksimir,Gradski DV,MAKSIMIR,Jaslice,1 do 2 godine,Posebni,0
2023-03-01,Maksimir,Gradski DV,MAKSIMIR,Jaslice,2 do 3 godine,Redoviti,0
2023-03-01,Maksimir,Gradski DV,MAKSIMIR,Jaslice,2 do 3 godine,Posebni,0
2023-03-01,Maksimir,Gradski DV,MAKSIMIR,Jaslice,1 do 3 godine mješovita,Redoviti,0
2023-03-01,Maksimir,Gradski DV,MAKSIMIR,Jaslice,1 do 3 godine mješovita,Posebni,0
2023-03-01,Maksimir,Gradski DV,MAKSIMIR,Vrtić,3 do 4 godine,Redoviti,0
2023-03-01,Maksimir,Gradski DV,MAKSIMIR,Vrtić,3 do 4 godine,Posebni,0
2023-03-01,Maksimir,Gradski DV,MAKSIMIR,Vrtić,4 do 5 godina,Redoviti,0
2023-03-01,Maksimir,Gradski DV,MAKSIMIR,Vrtić,4 do 5 godina,Posebni,0
2023-03-01,Maksimir,Gradski DV,MAKSIMIR,Vrtić,5 godina do OŠ,Redoviti,0
2023-03-01,Maksimir,Gradski DV,MAKSIMIR,Vrtić,5 godina do OŠ,Posebni,0
2023-03-01,Maksimir,Gradski DV,MAKSIMIR,Vrtić,3 godine do OŠ mješovita,Redoviti,0
2023-03-01,Maksimir,Gradski DV,MAKSIMIR,Vrtić,3 godine do OŠ mješovita,Posebni,0
2023-03-01,Mali Princ,Gradski DV,MAKSIMIR,Jaslice,1 do 2 godine,Redoviti,0
2023-03-01,Mali Princ,Gradski DV,MAKSIMIR,Jaslice,1 do 2 godine,Posebni,0
2023-03-01,Mali Princ,Gradski DV,MAKSIMIR,Jaslice,2 do 3 godine,Redoviti,0
2023-03-01,Mali Princ,Gradski DV,MAKSIMIR,Jaslice,2 do 3 godine,Posebni,0
2023-03-01,Mali Princ,Gradski DV,MAKSIMIR,Jaslice,1 do 3 godine mješovita,Redoviti,0
2023-03-01,Mali Princ,Gradski DV,MAKSIMIR,Jaslice,1 do 3 godine mješovita,Posebni,0
2023-03-01,Mali Princ,Gradski DV,MAKSIMIR,Vrtić,3 do 4 godine,Redoviti,0
2023-03-01,Mali Princ,Gradski DV,MAKSIMIR,Vrtić,3 do 4 godine,Posebni,0
2023-03-01,Mali Princ,Gradski DV,MAKSIMIR,Vrtić,4 do 5 godina,Redoviti,0
2023-03-01,Mali Princ,Gradski DV,MAKSIMIR,Vrtić,4 do 5 godina,Posebni,0
2023-03-01,Mali Princ,Gradski DV,MAKSIMIR,Vrtić,5 godina do OŠ,Redoviti,0
2023-03-01,Mali Princ,Gradski DV,MAKSIMIR,Vrtić,5 godina do OŠ,Posebni,0
2023-03-01,Mali Princ,Gradski DV,MAKSIMIR,Vrtić,3 godine do OŠ mješovita,Redoviti,0
2023-03-01,Mali Princ,Gradski DV,MAKSIMIR,Vrtić,3 godine do OŠ mješovita,Posebni,0
2023-03-01,Trnoružica,Gradski DV,MAKSIMIR,Jaslice,1 do 2 godine,Redoviti,0
2023-03-01,Trnoružica,Gradski DV,MAKSIMIR,Jaslice,1 do 2 godine,Posebni,0
2023-03-01,Trnoružica,Gradski DV,MAKSIMIR,Jaslice,2 do 3 godine,Redoviti,0
2023-03-01,Trnoružica,Gradski DV,MAKSIMIR,Jaslice,2 do 3 godine,Posebni,0
2023-03-01,Trnoružica,Gradski DV,MAKSIMIR,Jaslice,1 do 3 godine mješovita,Redoviti,0
2023-03-01,Trnoružica,Gradski DV,MAKSIMIR,Jaslice,1 do 3 godine mješovita,Posebni,0
2023-03-01,Trnoružica,Gradski DV,MAKSIMIR,Vrtić,3 do 4 godine,Redoviti,0
2023-03-01,Trnoružica,Gradski DV,MAKSIMIR,Vrtić,3 do 4 godine,Posebni,0
2023-03-01,Trnoružica,Gradski DV,MAKSIMIR,Vrtić,4 do 5 godina,Redoviti,0
2023-03-01,Trnoružica,Gradski DV,MAKSIMIR,Vrtić,4 do 5 godina,Posebni,0
2023-03-01,Trnoružica,Gradski DV,MAKSIMIR,Vrtić,5 godina do OŠ,Redoviti,0
2023-03-01,Trnoružica,Gradski DV,MAKSIMIR,Vrtić,5 godina do OŠ,Posebni,0
2023-03-01,Trnoružica,Gradski DV,MAKSIMIR,Vrtić,3 godine do OŠ mješovita,Redoviti,0
2023-03-01,Trnoružica,Gradski DV,MAKSIMIR,Vrtić,3 godine do OŠ mješovita,Posebni,0
2023-03-01,Cvrčak,Gradski DV,PEŠČENICA - ŽITNJAK,Jaslice,1 do 2 godine,Redoviti,0
2023-03-01,Cvrčak,Gradski DV,PEŠČENICA - ŽITNJAK,Jaslice,1 do 2 godine,Posebni,0
2023-03-01,Cvrčak,Gradski DV,PEŠČENICA - ŽITNJAK,Jaslice,2 do 3 godine,Redoviti,0
2023-03-01,Cvrčak,Gradski DV,PEŠČENICA - ŽITNJAK,Jaslice,2 do 3 godine,Posebni,0
2023-03-01,Cvrčak,Gradski DV,PEŠČENICA - ŽITNJAK,Jaslice,1 do 3 godine mješovita,Redoviti,0
2023-03-01,Cvrčak,Gradski DV,PEŠČENICA - ŽITNJAK,Jaslice,1 do 3 godine mješovita,Posebni,0
2023-03-01,Cvrčak,Gradski DV,PEŠČENICA - ŽITNJAK,Vrtić,3 do 4 godine,Redoviti,0
2023-03-01,Cvrčak,Gradski DV,PEŠČENICA - ŽITNJAK,Vrtić,3 do 4 godine,Posebni,0
2023-03-01,Cvrčak,Gradski DV,PEŠČENICA - ŽITNJAK,Vrtić,4 do 5 godina,Redoviti,0
2023-03-01,Cvrčak,Gradski DV,PEŠČENICA - ŽITNJAK,Vrtić,4 do 5 godina,Posebni,0
2023-03-01,Cvrčak,Gradski DV,PEŠČENICA - ŽITNJAK,Vrtić,5 godina do OŠ,Redoviti,0
2023-03-01,Cvrčak,Gradski DV,PEŠČENICA - ŽITNJAK,Vrtić,5 godina do OŠ,Posebni,0
2023-03-01,Cvrčak,Gradski DV,PEŠČENICA - ŽITNJAK,Vrtić,3 godine do OŠ mješovita,Redoviti,0
2023-03-01,Cvrčak,Gradski DV,PEŠČENICA - ŽITNJAK,Vrtić,3 godine do OŠ mješovita,Posebni,0
2023-03-01,Duga,Gradski DV,PEŠČENICA - ŽITNJAK,Jaslice,1 do 2 godine,Redoviti,0
2023-03-01,Duga,Gradski DV,PEŠČENICA - ŽITNJAK,Jaslice,1 do 2 godine,Posebni,0
2023-03-01,Duga,Gradski DV,PEŠČENICA - ŽITNJAK,Jaslice,2 do 3 godine,Redoviti,0
2023-03-01,Duga,Gradski DV,PEŠČENICA - ŽITNJAK,Jaslice,2 do 3 godine,Posebni,0
2023-03-01,Duga,Gradski DV,PEŠČENICA - ŽITNJAK,Jaslice,1 do 3 godine mješovita,Redoviti,0
2023-03-01,Duga,Gradski DV,PEŠČENICA - ŽITNJAK,Jaslice,1 do 3 godine mješovita,Posebni,0
2023-03-01,Duga,Gradski DV,PEŠČENICA - ŽITNJAK,Vrtić,3 do 4 godine,Redoviti,0
2023-03-01,Duga,Gradski DV,PEŠČENICA - ŽITNJAK,Vrtić,3 do 4 godine,Posebni,0
2023-03-01,Duga,Gradski DV,PEŠČENICA - ŽITNJAK,Vrtić,4 do 5 godina,Redoviti,0
2023-03-01,Duga,Gradski DV,PEŠČENICA - ŽITNJAK,Vrtić,4 do 5 godina,Posebni,0
2023-03-01,Duga,Gradski DV,PEŠČENICA - ŽITNJAK,Vrtić,5 godina do OŠ,Redoviti,0
2023-03-01,Duga,Gradski DV,PEŠČENICA - ŽITNJAK,Vrtić,5 godina do OŠ,Posebni,0
2023-03-01,Duga,Gradski DV,PEŠČENICA - ŽITNJAK,Vrtić,3 godine do OŠ mješovita,Redoviti,0
2023-03-01,Duga,Gradski DV,PEŠČENICA - ŽITNJAK,Vrtić,3 godine do OŠ mješovita,Posebni,0
2023-03-01,Milana Sachsa,Gradski DV,PEŠČENICA - ŽITNJAK,Jaslice,1 do 2 godine,Redoviti,0
2023-03-01,Milana Sachsa,Gradski DV,PEŠČENICA - ŽITNJAK,Jaslice,1 do 2 godine,Posebni,0
2023-03-01,Milana Sachsa,Gradski DV,PEŠČENICA - ŽITNJAK,Jaslice,2 do 3 godine,Redoviti,0
2023-03-01,Milana Sachsa,Gradski DV,PEŠČENICA - ŽITNJAK,Jaslice,2 do 3 godine,Posebni,0
2023-03-01,Milana Sachsa,Gradski DV,PEŠČENICA - ŽITNJAK,Jaslice,1 do 3 godine mješovita,Redoviti,0
2023-03-01,Milana Sachsa,Gradski DV,PEŠČENICA - ŽITNJAK,Jaslice,1 do 3 godine mješovita,Posebni,0
2023-03-01,Milana Sachsa,Gradski DV,PEŠČENICA - ŽITNJAK,Vrtić,3 do 4 godine,Redoviti,0
2023-03-01,Milana Sachsa,Gradski DV,PEŠČENICA - ŽITNJAK,Vrtić,3 do 4 godine,Posebni,0
2023-03-01,Milana Sachsa,Gradski DV,PEŠČENICA - ŽITNJAK,Vrtić,4 do 5 godina,Redoviti,0
2023-03-01,Milana Sachsa,Gradski DV,PEŠČENICA - ŽITNJAK,Vrtić,4 do 5 godina,Posebni,0
2023-03-01,Milana Sachsa,Gradski DV,PEŠČENICA - ŽITNJAK,Vrtić,5 godina do OŠ,Redoviti,0
2023-03-01,Milana Sachsa,Gradski DV,PEŠČENICA - ŽITNJAK,Vrtić,5 godina do OŠ,Posebni,0
2023-03-01,Milana Sachsa,Gradski DV,PEŠČENICA - ŽITNJAK,Vrtić,3 godine do OŠ mješovita,Redoviti,0
2023-03-01,Milana Sachsa,Gradski DV,PEŠČENICA - ŽITNJAK,Vrtić,3 godine do OŠ mješovita,Posebni,0
2023-03-01,Zrno,Gradski DV,PEŠČENICA - ŽITNJAK,Jaslice,1 do 2 godine,Redoviti,0
2023-03-01,Zrno,Gradski DV,PEŠČENICA - ŽITNJAK,Jaslice,1 do 2 godine,Posebni,0
2023-03-01,Zrno,Gradski DV,PEŠČENICA - ŽITNJAK,Jaslice,2 do 3 godine,Redoviti,0
2023-03-01,Zrno,Gradski DV,PEŠČENICA - ŽITNJAK,Jaslice,2 do 3 godine,Posebni,0
2023-03-01,Zrno,Gradski DV,PEŠČENICA - ŽITNJAK,Jaslice,1 do 3 godine mješovita,Redoviti,0
2023-03-01,Zrno,Gradski DV,PEŠČENICA - ŽITNJAK,Jaslice,1 do 3 godine mješovita,Posebni,0
2023-03-01,Zrno,Gradski DV,PEŠČENICA - ŽITNJAK,Vrtić,3 do 4 godine,Redoviti,0
2023-03-01,Zrno,Gradski DV,PEŠČENICA - ŽITNJAK,Vrtić,3 do 4 godine,Posebni,0
2023-03-01,Zrno,Gradski DV,PEŠČENICA - ŽITNJAK,Vrtić,4 do 5 godina,Redoviti,0
2023-03-01,Zrno,Gradski DV,PEŠČENICA - ŽITNJAK,Vrtić,4 do 5 godina,Posebni,0
2023-03-01,Zrno,Gradski DV,PEŠČENICA - ŽITNJAK,Vrtić,5 godina do OŠ,Redoviti,0
2023-03-01,Zrno,Gradski DV,PEŠČENICA - ŽITNJAK,Vrtić,5 godina do OŠ,Posebni,0
2023-03-01,Zrno,Gradski DV,PEŠČENICA - ŽITNJAK,Vrtić,3 godine do OŠ mješovita,Redoviti,0
2023-03-01,Zrno,Gradski DV,PEŠČENICA - ŽITNJAK,Vrtić,3 godine do OŠ mješovita,Posebni,0
2023-03-01,Sopot,Gradski DV,NOVI ZAGREB - ISTOK,Jaslice,1 do 2 godine,Redoviti,0
2023-03-01,Sopot,Gradski DV,NOVI ZAGREB - ISTOK,Jaslice,1 do 2 godine,Posebni,0
2023-03-01,Sopot,Gradski DV,NOVI ZAGREB - ISTOK,Jaslice,2 do 3 godine,Redoviti,0
2023-03-01,Sopot,Gradski DV,NOVI ZAGREB - ISTOK,Jaslice,2 do 3 godine,Posebni,0
2023-03-01,Sopot,Gradski DV,NOVI ZAGREB - ISTOK,Jaslice,1 do 3 godine mješovita,Redoviti,0
2023-03-01,Sopot,Gradski DV,NOVI ZAGREB - ISTOK,Jaslice,1 do 3 godine mješovita,Posebni,0
2023-03-01,Sopot,Gradski DV,NOVI ZAGREB - ISTOK,Vrtić,3 do 4 godine,Redoviti,0
2023-03-01,Sopot,Gradski DV,NOVI ZAGREB - ISTOK,Vrtić,3 do 4 godine,Posebni,0
2023-03-01,Sopot,Gradski DV,NOVI ZAGREB - ISTOK,Vrtić,4 do 5 godina,Redoviti,0
2023-03-01,Sopot,Gradski DV,NOVI ZAGREB - ISTOK,Vrtić,4 do 5 godina,Posebni,0
2023-03-01,Sopot,Gradski DV,NOVI ZAGREB - ISTOK,Vrtić,5 godina do OŠ,Redoviti,0
2023-03-01,Sopot,Gradski DV,NOVI ZAGREB - ISTOK,Vrtić,5 godina do OŠ,Posebni,0
2023-03-01,Sopot,Gradski DV,NOVI ZAGREB - ISTOK,Vrtić,3 godine do OŠ mješovita,Redoviti,0
2023-03-01,Sopot,Gradski DV,NOVI ZAGREB - ISTOK,Vrtić,3 godine do OŠ mješovita,Posebni,0
2023-03-01,Tratinčica,Gradski DV,NOVI ZAGREB - ISTOK,Jaslice,1 do 2 godine,Redoviti,0
2023-03-01,Tratinčica,Gradski DV,NOVI ZAGREB - ISTOK,Jaslice,1 do 2 godine,Posebni,0
2023-03-01,Tratinčica,Gradski DV,NOVI ZAGREB - ISTOK,Jaslice,2 do 3 godine,Redoviti,0
2023-03-01,Tratinčica,Gradski DV,NOVI ZAGREB - ISTOK,Jaslice,2 do 3 godine,Posebni,0
2023-03-01,Tratinčica,Gradski DV,NOVI ZAGREB - ISTOK,Jaslice,1 do 3 godine mješovita,Redoviti,0
2023-03-01,Tratinčica,Gradski DV,NOVI ZAGREB - ISTOK,Jaslice,1 do 3 godine mješovita,Posebni,0
2023-03-01,Tratinčica,Gradski DV,NOVI ZAGREB - ISTOK,Vrtić,3 do 4 godine,Redoviti,0
2023-03-01,Tratinčica,Gradski DV,NOVI ZAGREB - ISTOK,Vrtić,3 do 4 godine,Posebni,0
2023-03-01,Tratinčica,Gradski DV,NOVI ZAGREB - ISTOK,Vrtić,4 do 5 godina,Redoviti,0
2023-03-01,Tratinčica,Gradski DV,NOVI ZAGREB - ISTOK,Vrtić,4 do 5 godina,Posebni,0
2023-03-01,Tratinčica,Gradski DV,NOVI ZAGREB - ISTOK,Vrtić,5 godina do OŠ,Redoviti,0
2023-03-01,Tratinčica,Gradski DV,NOVI ZAGREB - ISTOK,Vrtić,5 godina do OŠ,Posebni,0
2023-03-01,Tratinčica,Gradski DV,NOVI ZAGREB - ISTOK,Vrtić,3 godine do OŠ mješovita,Redoviti,0
2023-03-01,Tratinčica,Gradski DV,NOVI ZAGREB - ISTOK,Vrtić,3 godine do OŠ mješovita,Posebni,0
2023-03-01,Travno,Gradski DV,NOVI ZAGREB - ISTOK,Jaslice,1 do 2 godine,Redoviti,0
2023-03-01,Travno,Gradski DV,NOVI ZAGREB - ISTOK,Jaslice,1 do 2 godine,Posebni,0
2023-03-01,Travno,Gradski DV,NOVI ZAGREB - ISTOK,Jaslice,2 do 3 godine,Redoviti,0
2023-03-01,Travno,Gradski DV,NOVI ZAGREB - ISTOK,Jaslice,2 do 3 godine,Posebni,0
2023-03-01,Travno,Gradski DV,NOVI ZAGREB - ISTOK,Jaslice,1 do 3 godine mješovita,Redoviti,0
2023-03-01,Travno,Gradski DV,NOVI ZAGREB - ISTOK,Jaslice,1 do 3 godine mješovita,Posebni,0
2023-03-01,Travno,Gradski DV,NOVI ZAGREB - ISTOK,Vrtić,3 do 4 godine,Redoviti,0
2023-03-01,Travno,Gradski DV,NOVI ZAGREB - ISTOK,Vrtić,3 do 4 godine,Posebni,0
2023-03-01,Travno,Gradski DV,NOVI ZAGREB - ISTOK,Vrtić,4 do 5 godina,Redoviti,0
2023-03-01,Travno,Gradski DV,NOVI ZAGREB - ISTOK,Vrtić,4 do 5 godina,Posebni,0
2023-03-01,Travno,Gradski DV,NOVI ZAGREB - ISTOK,Vrtić,5 godina do OŠ,Redoviti,0
2023-03-01,Travno,Gradski DV,NOVI ZAGREB - ISTOK,Vrtić,5 godina do OŠ,Posebni,0
2023-03-01,Travno,Gradski DV,NOVI ZAGREB - ISTOK,Vrtić,3 godine do OŠ mješovita,Redoviti,0
2023-03-01,Travno,Gradski DV,NOVI ZAGREB - ISTOK,Vrtić,3 godine do OŠ mješovita,Posebni,0
2023-03-01,Utrina,Gradski DV,NOVI ZAGREB - ISTOK,Jaslice,1 do 2 godine,Redoviti,0
2023-03-01,Utrina,Gradski DV,NOVI ZAGREB - ISTOK,Jaslice,1 do 2 godine,Posebni,0
2023-03-01,Utrina,Gradski DV,NOVI ZAGREB - ISTOK,Jaslice,2 do 3 godine,Redoviti,0
2023-03-01,Utrina,Gradski DV,NOVI ZAGREB - ISTOK,Jaslice,2 do 3 godine,Posebni,0
2023-03-01,Utrina,Gradski DV,NOVI ZAGREB - ISTOK,Jaslice,1 do 3 godine mješovita,Redoviti,0
2023-03-01,Utrina,Gradski DV,NOVI ZAGREB - ISTOK,Jaslice,1 do 3 godine mješovita,Posebni,0
2023-03-01,Utrina,Gradski DV,NOVI ZAGREB - ISTOK,Vrtić,3 do 4 godine,Redoviti,0
2023-03-01,Utrina,Gradski DV,NOVI ZAGREB - ISTOK,Vrtić,3 do 4 godine,Posebni,0
2023-03-01,Utrina,Gradski DV,NOVI ZAGREB - ISTOK,Vrtić,4 do 5 godina,Redoviti,0
2023-03-01,Utrina,Gradski DV,NOVI ZAGREB - ISTOK,Vrtić,4 do 5 godina,Posebni,0
2023-03-01,Utrina,Gradski DV,NOVI ZAGREB - ISTOK,Vrtić,5 godina do OŠ,Redoviti,0
2023-03-01,Utrina,Gradski DV,NOVI ZAGREB - ISTOK,Vrtić,5 godina do OŠ,Posebni,0
2023-03-01,Utrina,Gradski DV,NOVI ZAGREB - ISTOK,Vrtić,3 godine do OŠ mješovita,Redoviti,0
2023-03-01,Utrina,Gradski DV,NOVI ZAGREB - ISTOK,Vrtić,3 godine do OŠ mješovita,Posebni,0
2023-03-01,Zapruđe,Gradski DV,NOVI ZAGREB - ISTOK,Jaslice,1 do 2 godine,Redoviti,0
2023-03-01,Zapruđe,Gradski DV,NOVI ZAGREB - ISTOK,Jaslice,1 do 2 godine,Posebni,0
2023-03-01,Zapruđe,Gradski DV,NOVI ZAGREB - ISTOK,Jaslice,2 do 3 godine,Redoviti,0
2023-03-01,Zapruđe,Gradski DV,NOVI ZAGREB - ISTOK,Jaslice,2 do 3 godine,Posebni,0
2023-03-01,Zapruđe,Gradski DV,NOVI ZAGREB - ISTOK,Jaslice,1 do 3 godine mješovita,Redoviti,0
2023-03-01,Zapruđe,Gradski DV,NOVI ZAGREB - ISTOK,Jaslice,1 do 3 godine mješovita,Posebni,0
2023-03-01,Zapruđe,Gradski DV,NOVI ZAGREB - ISTOK,Vrtić,3 do 4 godine,Redoviti,0
2023-03-01,Zapruđe,Gradski DV,NOVI ZAGREB - ISTOK,Vrtić,3 do 4 godine,Posebni,0
2023-03-01,Zapruđe,Gradski DV,NOVI ZAGREB - ISTOK,Vrtić,4 do 5 godina,Redoviti,0
2023-03-01,Zapruđe,Gradski DV,NOVI ZAGREB - ISTOK,Vrtić,4 do 5 godina,Posebni,0
2023-03-01,Zapruđe,Gradski DV,NOVI ZAGREB - ISTOK,Vrtić,5 godina do OŠ,Redoviti,0
2023-03-01,Zapruđe,Gradski DV,NOVI ZAGREB - ISTOK,Vrtić,5 godina do OŠ,Posebni,0
2023-03-01,Zapruđe,Gradski DV,NOVI ZAGREB - ISTOK,Vrtić,3 godine do OŠ mješovita,Redoviti,0
2023-03-01,Zapruđe,Gradski DV,NOVI ZAGREB - ISTOK,Vrtić,3 godine do OŠ mješovita,Posebni,0
2023-03-01,Botinec,Gradski DV,NOVI ZAGREB - ZAPAD,Jaslice,1 do 2 godine,Redoviti,0
2023-03-01,Botinec,Gradski DV,NOVI ZAGREB - ZAPAD,Jaslice,1 do 2 godine,Posebni,0
2023-03-01,Botinec,Gradski DV,NOVI ZAGREB - ZAPAD,Jaslice,2 do 3 godine,Redoviti,0
2023-03-01,Botinec,Gradski DV,NOVI ZAGREB - ZAPAD,Jaslice,2 do 3 godine,Posebni,0
2023-03-01,Botinec,Gradski DV,NOVI ZAGREB - ZAPAD,Jaslice,1 do 3 godine mješovita,Redoviti,0
2023-03-01,Botinec,Gradski DV,NOVI ZAGREB - ZAPAD,Jaslice,1 do 3 godine mješovita,Posebni,0
2023-03-01,Botinec,Gradski DV,NOVI ZAGREB - ZAPAD,Vrtić,3 do 4 godine,Redoviti,0
2023-03-01,Botinec,Gradski DV,NOVI ZAGREB - ZAPAD,Vrtić,3 do 4 godine,Posebni,0
2023-03-01,Botinec,Gradski DV,NOVI ZAGREB - ZAPAD,Vrtić,4 do 5 godina,Redoviti,0
2023-03-01,Botinec,Gradski DV,NOVI ZAGREB - ZAPAD,Vrtić,4 do 5 godina,Posebni,0
2023-03-01,Botinec,Gradski DV,NOVI ZAGREB - ZAPAD,Vrtić,5 godina do OŠ,Redoviti,0
2023-03-01,Botinec,Gradski DV,NOVI ZAGREB - ZAPAD,Vrtić,5 godina do OŠ,Posebni,0
2023-03-01,Botinec,Gradski DV,NOVI ZAGREB - ZAPAD,Vrtić,3 godine do OŠ mješovita,Redoviti,0
2023-03-01,Botinec,Gradski DV,NOVI ZAGREB - ZAPAD,Vrtić,3 godine do OŠ mješovita,Posebni,0
2023-03-01,Hrvatski Leskovac,Gradski DV,NOVI ZAGREB - ZAPAD,Jaslice,1 do 2 godine,Redoviti,0
2023-03-01,Hrvatski Leskovac,Gradski DV,NOVI ZAGREB - ZAPAD,Jaslice,1 do 2 godine,Posebni,0
2023-03-01,Hrvatski Leskovac,Gradski DV,NOVI ZAGREB - ZAPAD,Jaslice,2 do 3 godine,Redoviti,0
2023-03-01,Hrvatski Leskovac,Gradski DV,NOVI ZAGREB - ZAPAD,Jaslice,2 do 3 godine,Posebni,0
2023-03-01,Hrvatski Leskovac,Gradski DV,NOVI ZAGREB - ZAPAD,Jaslice,1 do 3 godine mješovita,Redoviti,0
2023-03-01,Hrvatski Leskovac,Gradski DV,NOVI ZAGREB - ZAPAD,Jaslice,1 do 3 godine mješovita,Posebni,0
2023-03-01,Hrvatski Leskovac,Gradski DV,NOVI ZAGREB - ZAPAD,Vrtić,3 do 4 godine,Redoviti,0
2023-03-01,Hrvatski Leskovac,Gradski DV,NOVI ZAGREB - ZAPAD,Vrtić,3 do 4 godine,Posebni,0
2023-03-01,Hrvatski Leskovac,Gradski DV,NOVI ZAGREB - ZAPAD,Vrtić,4 do 5 godina,Redoviti,0
2023-03-01,Hrvatski Leskovac,Gradski DV,NOVI ZAGREB - ZAPAD,Vrtić,4 do 5 godina,Posebni,0
2023-03-01,Hrvatski Leskovac,Gradski DV,NOVI ZAGREB - ZAPAD,Vrtić,5 godina do OŠ,Redoviti,0
2023-03-01,Hrvatski Leskovac,Gradski DV,NOVI ZAGREB - ZAPAD,Vrtić,5 godina do OŠ,Posebni,0
2023-03-01,Hrvatski Leskovac,Gradski DV,NOVI ZAGREB - ZAPAD,Vrtić,3 godine do OŠ mješovita,Redoviti,0
2023-03-01,Hrvatski Leskovac,Gradski DV,NOVI ZAGREB - ZAPAD,Vrtić,3 godine do OŠ mješovita,Posebni,0
2023-03-01,Remetinec,Gradski DV,NOVI ZAGREB - ZAPAD,Jaslice,1 do 2 godine,Redoviti,0
2023-03-01,Remetinec,Gradski DV,NOVI ZAGREB - ZAPAD,Jaslice,1 do 2 godine,Posebni,0
2023-03-01,Remetinec,Gradski DV,NOVI ZAGREB - ZAPAD,Jaslice,2 do 3 godine,Redoviti,0
2023-03-01,Remetinec,Gradski DV,NOVI ZAGREB - ZAPAD,Jaslice,2 do 3 godine,Posebni,0
2023-03-01,Remetinec,Gradski DV,NOVI ZAGREB - ZAPAD,Jaslice,1 do 3 godine mješovita,Redoviti,0
2023-03-01,Remetinec,Gradski DV,NOVI ZAGREB - ZAPAD,Jaslice,1 do 3 godine mješovita,Posebni,0
2023-03-01,Remetinec,Gradski DV,NOVI ZAGREB - ZAPAD,Vrtić,3 do 4 godine,Redoviti,0
2023-03-01,Remetinec,Gradski DV,NOVI ZAGREB - ZAPAD,Vrtić,3 do 4 godine,Posebni,0
2023-03-01,Remetinec,Gradski DV,NOVI ZAGREB - ZAPAD,Vrtić,4 do 5 godina,Redoviti,0
2023-03-01,Remetinec,Gradski DV,NOVI ZAGREB - ZAPAD,Vrtić,4 do 5 godina,Posebni,0
2023-03-01,Remetinec,Gradski DV,NOVI ZAGREB - ZAPAD,Vrtić,5 godina do OŠ,Redoviti,0
2023-03-01,Remetinec,Gradski DV,NOVI ZAGREB - ZAPAD,Vrtić,5 godina do OŠ,Posebni,0
2023-03-01,Remetinec,Gradski DV,NOVI ZAGREB - ZAPAD,Vrtić,3 godine do OŠ mješovita,Redoviti,0
2023-03-01,Remetinec,Gradski DV,NOVI ZAGREB - ZAPAD,Vrtić,3 godine do OŠ mješovita,Posebni,0
2023-03-01,Siget,Gradski DV,NOVI ZAGREB - ZAPAD,Jaslice,1 do 2 godine,Redoviti,0
2023-03-01,Siget,Gradski DV,NOVI ZAGREB - ZAPAD,Jaslice,1 do 2 godine,Posebni,0
2023-03-01,Siget,Gradski DV,NOVI ZAGREB - ZAPAD,Jaslice,2 do 3 godine,Redoviti,0
2023-03-01,Siget,Gradski DV,NOVI ZAGREB - ZAPAD,Jaslice,2 do 3 godine,Posebni,0
2023-03-01,Siget,Gradski DV,NOVI ZAGREB - ZAPAD,Jaslice,1 do 3 godine mješovita,Redoviti,0
2023-03-01,Siget,Gradski DV,NOVI ZAGREB - ZAPAD,Jaslice,1 do 3 godine mješovita,Posebni,0
2023-03-01,Siget,Gradski DV,NOVI ZAGREB - ZAPAD,Vrtić,3 do 4 godine,Redoviti,0
2023-03-01,Siget,Gradski DV,NOVI ZAGREB - ZAPAD,Vrtić,3 do 4 godine,Posebni,0
2023-03-01,Siget,Gradski DV,NOVI ZAGREB - ZAPAD,Vrtić,4 do 5 godina,Redoviti,0
2023-03-01,Siget,Gradski DV,NOVI ZAGREB - ZAPAD,Vrtić,4 do 5 godina,Posebni,0
2023-03-01,Siget,Gradski DV,NOVI ZAGREB - ZAPAD,Vrtić,5 godina do OŠ,Redoviti,0
2023-03-01,Siget,Gradski DV,NOVI ZAGREB - ZAPAD,Vrtić,5 godina do OŠ,Posebni,0
2023-03-01,Siget,Gradski DV,NOVI ZAGREB - ZAPAD,Vrtić,3 godine do OŠ mješovita,Redoviti,0
2023-03-01,Siget,Gradski DV,NOVI ZAGREB - ZAPAD,Vrtić,3 godine do OŠ mješovita,Posebni,0
2023-03-01,Trnsko,Gradski DV,NOVI ZAGREB - ZAPAD,Jaslice,1 do 2 godine,Redoviti,0
2023-03-01,Trnsko,Gradski DV,NOVI ZAGREB - ZAPAD,Jaslice,1 do 2 godine,Posebni,0
2023-03-01,Trnsko,Gradski DV,NOVI ZAGREB - ZAPAD,Jaslice,2 do 3 godine,Redoviti,0
2023-03-01,Trnsko,Gradski DV,NOVI ZAGREB - ZAPAD,Jaslice,2 do 3 godine,Posebni,0
2023-03-01,Trnsko,Gradski DV,NOVI ZAGREB - ZAPAD,Jaslice,1 do 3 godine mješovita,Redoviti,0
2023-03-01,Trnsko,Gradski DV,NOVI ZAGREB - ZAPAD,Jaslice,1 do 3 godine mješovita,Posebni,0
2023-03-01,Trnsko,Gradski DV,NOVI ZAGREB - ZAPAD,Vrtić,3 do 4 godine,Redoviti,0
2023-03-01,Trnsko,Gradski DV,NOVI ZAGREB - ZAPAD,Vrtić,3 do 4 godine,Posebni,0
2023-03-01,Trnsko,Gradski DV,NOVI ZAGREB - ZAPAD,Vrtić,4 do 5 godina,Redoviti,0
2023-03-01,Trnsko,Gradski DV,NOVI ZAGREB - ZAPAD,Vrtić,4 do 5 godina,Posebni,0
2023-03-01,Trnsko,Gradski DV,NOVI ZAGREB - ZAPAD,Vrtić,5 godina do OŠ,Redoviti,0
2023-03-01,Trnsko,Gradski DV,NOVI ZAGREB - ZAPAD,Vrtić,5 godina do OŠ,Posebni,0
2023-03-01,Trnsko,Gradski DV,NOVI ZAGREB - ZAPAD,Vrtić,3 godine do OŠ mješovita,Redoviti,0
2023-03-01,Trnsko,Gradski DV,NOVI ZAGREB - ZAPAD,Vrtić,3 godine do OŠ mješovita,Posebni,0
2023-03-01,Bajka,Gradski DV,TREŠNJEVKA SJEVER,Jaslice,1 do 2 godine,Redoviti,0
2023-03-01,Bajka,Gradski DV,TREŠNJEVKA SJEVER,Jaslice,1 do 2 godine,Posebni,0
2023-03-01,Bajka,Gradski DV,TREŠNJEVKA SJEVER,Jaslice,2 do 3 godine,Redoviti,0
2023-03-01,Bajka,Gradski DV,TREŠNJEVKA SJEVER,Jaslice,2 do 3 godine,Posebni,0
2023-03-01,Bajka,Gradski DV,TREŠNJEVKA SJEVER,Jaslice,1 do 3 godine mješovita,Redoviti,0
2023-03-01,Bajka,Gradski DV,TREŠNJEVKA SJEVER,Jaslice,1 do 3 godine mješovita,Posebni,0
2023-03-01,Bajka,Gradski DV,TREŠNJEVKA SJEVER,Vrtić,3 do 4 godine,Redoviti,0
2023-03-01,Bajka,Gradski DV,TREŠNJEVKA SJEVER,Vrtić,3 do 4 godine,Posebni,0
2023-03-01,Bajka,Gradski DV,TREŠNJEVKA SJEVER,Vrtić,4 do 5 godina,Redoviti,0
2023-03-01,Bajka,Gradski DV,TREŠNJEVKA SJEVER,Vrtić,4 do 5 godina,Posebni,0
2023-03-01,Bajka,Gradski DV,TREŠNJEVKA SJEVER,Vrtić,5 godina do OŠ,Redoviti,0
2023-03-01,Bajka,Gradski DV,TREŠNJEVKA SJEVER,Vrtić,5 godina do OŠ,Posebni,0
2023-03-01,Bajka,Gradski DV,TREŠNJEVKA SJEVER,Vrtić,3 godine do OŠ mješovita,Redoviti,0
2023-03-01,Bajka,Gradski DV,TREŠNJEVKA SJEVER,Vrtić,3 godine do OŠ mješovita,Posebni,0
2023-03-01,Grigora Viteza,Gradski DV,TREŠNJEVKA SJEVER,Jaslice,1 do 2 godine,Redoviti,0
2023-03-01,Grigora Viteza,Gradski DV,TREŠNJEVKA SJEVER,Jaslice,1 do 2 godine,Posebni,0
2023-03-01,Grigora Viteza,Gradski DV,TREŠNJEVKA SJEVER,Jaslice,2 do 3 godine,Redoviti,0
2023-03-01,Grigora Viteza,Gradski DV,TREŠNJEVKA SJEVER,Jaslice,2 do 3 godine,Posebni,0
2023-03-01,Grigora Viteza,Gradski DV,TREŠNJEVKA SJEVER,Jaslice,1 do 3 godine mješovita,Redoviti,0
2023-03-01,Grigora Viteza,Gradski DV,TREŠNJEVKA SJEVER,Jaslice,1 do 3 godine mješovita,Posebni,0
2023-03-01,Grigora Viteza,Gradski DV,TREŠNJEVKA SJEVER,Vrtić,3 do 4 godine,Redoviti,0
2023-03-01,Grigora Viteza,Gradski DV,TREŠNJEVKA SJEVER,Vrtić,3 do 4 godine,Posebni,0
2023-03-01,Grigora Viteza,Gradski DV,TREŠNJEVKA SJEVER,Vrtić,4 do 5 godina,Redoviti,0
2023-03-01,Grigora Viteza,Gradski DV,TREŠNJEVKA SJEVER,Vrtić,4 do 5 godina,Posebni,0
2023-03-01,Grigora Viteza,Gradski DV,TREŠNJEVKA SJEVER,Vrtić,5 godina do OŠ,Redoviti,0
2023-03-01,Grigora Viteza,Gradski DV,TREŠNJEVKA SJEVER,Vrtić,5 godina do OŠ,Posebni,0
2023-03-01,Grigora Viteza,Gradski DV,TREŠNJEVKA SJEVER,Vrtić,3 godine do OŠ mješovita,Redoviti,0
2023-03-01,Grigora Viteza,Gradski DV,TREŠNJEVKA SJEVER,Vrtić,3 godine do OŠ mješovita,Posebni,0
2023-03-01,Potočnica,Gradski DV,TREŠNJEVKA SJEVER,Jaslice,1 do 2 godine,Redoviti,0
2023-03-01,Potočnica,Gradski DV,TREŠNJEVKA SJEVER,Jaslice,1 do 2 godine,Posebni,0
2023-03-01,Potočnica,Gradski DV,TREŠNJEVKA SJEVER,Jaslice,2 do 3 godine,Redoviti,0
2023-03-01,Potočnica,Gradski DV,TREŠNJEVKA SJEVER,Jaslice,2 do 3 godine,Posebni,0
2023-03-01,Potočnica,Gradski DV,TREŠNJEVKA SJEVER,Jaslice,1 do 3 godine mješovita,Redoviti,0
2023-03-01,Potočnica,Gradski DV,TREŠNJEVKA SJEVER,Jaslice,1 do 3 godine mješovita,Posebni,0
2023-03-01,Potočnica,Gradski DV,TREŠNJEVKA SJEVER,Vrtić,3 do 4 godine,Redoviti,0
2023-03-01,Potočnica,Gradski DV,TREŠNJEVKA SJEVER,Vrtić,3 do 4 godine,Posebni,0
2023-03-01,Potočnica,Gradski DV,TREŠNJEVKA SJEVER,Vrtić,4 do 5 godina,Redoviti,0
2023-03-01,Potočnica,Gradski DV,TREŠNJEVKA SJEVER,Vrtić,4 do 5 godina,Posebni,0
2023-03-01,Potočnica,Gradski DV,TREŠNJEVKA SJEVER,Vrtić,5 godina do OŠ,Redoviti,0
2023-03-01,Potočnica,Gradski DV,TREŠNJEVKA SJEVER,Vrtić,5 godina do OŠ,Posebni,0
2023-03-01,Potočnica,Gradski DV,TREŠNJEVKA SJEVER,Vrtić,3 godine do OŠ mješovita,Redoviti,0
2023-03-01,Potočnica,Gradski DV,TREŠNJEVKA SJEVER,Vrtić,3 godine do OŠ mješovita,Posebni,4
2023-03-01,Trešnjevka,Gradski DV,TREŠNJEVKA SJEVER,Jaslice,1 do 2 godine,Redoviti,0
2023-03-01,Trešnjevka,Gradski DV,TREŠNJEVKA SJEVER,Jaslice,1 do 2 godine,Posebni,0
2023-03-01,Trešnjevka,Gradski DV,TREŠNJEVKA SJEVER,Jaslice,2 do 3 godine,Redoviti,0
2023-03-01,Trešnjevka,Gradski DV,TREŠNJEVKA SJEVER,Jaslice,2 do 3 godine,Posebni,0
2023-03-01,Trešnjevka,Gradski DV,TREŠNJEVKA SJEVER,Jaslice,1 do 3 godine mješovita,Redoviti,0
2023-03-01,Trešnjevka,Gradski DV,TREŠNJEVKA SJEVER,Jaslice,1 do 3 godine mješovita,Posebni,0
2023-03-01,Trešnjevka,Gradski DV,TREŠNJEVKA SJEVER,Vrtić,3 do 4 godine,Redoviti,0
2023-03-01,Trešnjevka,Gradski DV,TREŠNJEVKA SJEVER,Vrtić,3 do 4 godine,Posebni,0
2023-03-01,Trešnjevka,Gradski DV,TREŠNJEVKA SJEVER,Vrtić,4 do 5 godina,Redoviti,0
2023-03-01,Trešnjevka,Gradski DV,TREŠNJEVKA SJEVER,Vrtić,4 do 5 godina,Posebni,0
2023-03-01,Trešnjevka,Gradski DV,TREŠNJEVKA SJEVER,Vrtić,5 godina do OŠ,Redoviti,0
2023-03-01,Trešnjevka,Gradski DV,TREŠNJEVKA SJEVER,Vrtić,5 godina do OŠ,Posebni,0
2023-03-01,Trešnjevka,Gradski DV,TREŠNJEVKA SJEVER,Vrtić,3 godine do OŠ mješovita,Redoviti,0
2023-03-01,Trešnjevka,Gradski DV,TREŠNJEVKA SJEVER,Vrtić,3 godine do OŠ mješovita,Posebni,0
2023-03-01,Zvončić,Gradski DV,TREŠNJEVKA SJEVER,Jaslice,1 do 2 godine,Redoviti,0
2023-03-01,Zvončić,Gradski DV,TREŠNJEVKA SJEVER,Jaslice,1 do 2 godine,Posebni,0
2023-03-01,Zvončić,Gradski DV,TREŠNJEVKA SJEVER,Jaslice,2 do 3 godine,Redoviti,0
2023-03-01,Zvončić,Gradski DV,TREŠNJEVKA SJEVER,Jaslice,2 do 3 godine,Posebni,0
2023-03-01,Zvončić,Gradski DV,TREŠNJEVKA SJEVER,Jaslice,1 do 3 godine mješovita,Redoviti,0
2023-03-01,Zvončić,Gradski DV,TREŠNJEVKA SJEVER,Jaslice,1 do 3 godine mješovita,Posebni,0
2023-03-01,Zvončić,Gradski DV,TREŠNJEVKA SJEVER,Vrtić,3 do 4 godine,Redoviti,0
2023-03-01,Zvončić,Gradski DV,TREŠNJEVKA SJEVER,Vrtić,3 do 4 godine,Posebni,0
2023-03-01,Zvončić,Gradski DV,TREŠNJEVKA SJEVER,Vrtić,4 do 5 godina,Redoviti,0
2023-03-01,Zvončić,Gradski DV,TREŠNJEVKA SJEVER,Vrtić,4 do 5 godina,Posebni,0
2023-03-01,Zvončić,Gradski DV,TREŠNJEVKA SJEVER,Vrtić,5 godina do OŠ,Redoviti,0
2023-03-01,Zvončić,Gradski DV,TREŠNJEVKA SJEVER,Vrtić,5 godina do OŠ,Posebni,0
2023-03-01,Zvončić,Gradski DV,TREŠNJEVKA SJEVER,Vrtić,3 godine do OŠ mješovita,Redoviti,0
2023-03-01,Zvončić,Gradski DV,TREŠNJEVKA SJEVER,Vrtić,3 godine do OŠ mješovita,Posebni,0
2023-03-01,Jarun,Gradski DV,TREŠNJEVKA JUG,Jaslice,1 do 2 godine,Redoviti,0
2023-03-01,Jarun,Gradski DV,TREŠNJEVKA JUG,Jaslice,1 do 2 godine,Posebni,0
2023-03-01,Jarun,Gradski DV,TREŠNJEVKA JUG,Jaslice,2 do 3 godine,Redoviti,0
2023-03-01,Jarun,Gradski DV,TREŠNJEVKA JUG,Jaslice,2 do 3 godine,Posebni,0
2023-03-01,Jarun,Gradski DV,TREŠNJEVKA JUG,Jaslice,1 do 3 godine mješovita,Redoviti,0
2023-03-01,Jarun,Gradski DV,TREŠNJEVKA JUG,Jaslice,1 do 3 godine mješovita,Posebni,0
2023-03-01,Jarun,Gradski DV,TREŠNJEVKA JUG,Vrtić,3 do 4 godine,Redoviti,0
2023-03-01,Jarun,Gradski DV,TREŠNJEVKA JUG,Vrtić,3 do 4 godine,Posebni,0
2023-03-01,Jarun,Gradski DV,TREŠNJEVKA JUG,Vrtić,4 do 5 godina,Redoviti,0
2023-03-01,Jarun,Gradski DV,TREŠNJEVKA JUG,Vrtić,4 do 5 godina,Posebni,0
2023-03-01,Jarun,Gradski DV,TREŠNJEVKA JUG,Vrtić,5 godina do OŠ,Redoviti,0
2023-03-01,Jarun,Gradski DV,TREŠNJEVKA JUG,Vrtić,5 godina do OŠ,Posebni,0
2023-03-01,Jarun,Gradski DV,TREŠNJEVKA JUG,Vrtić,3 godine do OŠ mješovita,Redoviti,0
2023-03-01,Jarun,Gradski DV,TREŠNJEVKA JUG,Vrtić,3 godine do OŠ mješovita,Posebni,0
2023-03-01,Matije Gupca,Gradski DV,TREŠNJEVKA JUG,Jaslice,1 do 2 godine,Redoviti,0
2023-03-01,Matije Gupca,Gradski DV,TREŠNJEVKA JUG,Jaslice,1 do 2 godine,Posebni,0
2023-03-01,Matije Gupca,Gradski DV,TREŠNJEVKA JUG,Jaslice,2 do 3 godine,Redoviti,0
2023-03-01,Matije Gupca,Gradski DV,TREŠNJEVKA JUG,Jaslice,2 do 3 godine,Posebni,0
2023-03-01,Matije Gupca,Gradski DV,TREŠNJEVKA JUG,Jaslice,1 do 3 godine mješovita,Redoviti,0
2023-03-01,Matije Gupca,Gradski DV,TREŠNJEVKA JUG,Jaslice,1 do 3 godine mješovita,Posebni,0
2023-03-01,Matije Gupca,Gradski DV,TREŠNJEVKA JUG,Vrtić,3 do 4 godine,Redoviti,0
2023-03-01,Matije Gupca,Gradski DV,TREŠNJEVKA JUG,Vrtić,3 do 4 godine,Posebni,0
2023-03-01,Matije Gupca,Gradski DV,TREŠNJEVKA JUG,Vrtić,4 do 5 godina,Redoviti,0
2023-03-01,Matije Gupca,Gradski DV,TREŠNJEVKA JUG,Vrtić,4 do 5 godina,Posebni,0
2023-03-01,Matije Gupca,Gradski DV,TREŠNJEVKA JUG,Vrtić,5 godina do OŠ,Redoviti,1
2023-03-01,Matije Gupca,Gradski DV,TREŠNJEVKA JUG,Vrtić,5 godina do OŠ,Posebni,0
2023-03-01,Matije Gupca,Gradski DV,TREŠNJEVKA JUG,Vrtić,3 godine do OŠ mješovita,Redoviti,0
2023-03-01,Matije Gupca,Gradski DV,TREŠNJEVKA JUG,Vrtić,3 godine do OŠ mješovita,Posebni,0
2023-03-01,Prečko,Gradski DV,TREŠNJEVKA JUG,Jaslice,1 do 2 godine,Redoviti,0
2023-03-01,Prečko,Gradski DV,TREŠNJEVKA JUG,Jaslice,1 do 2 godine,Posebni,0
2023-03-01,Prečko,Gradski DV,TREŠNJEVKA JUG,Jaslice,2 do 3 godine,Redoviti,0
2023-03-01,Prečko,Gradski DV,TREŠNJEVKA JUG,Jaslice,2 do 3 godine,Posebni,0
2023-03-01,Prečko,Gradski DV,TREŠNJEVKA JUG,Jaslice,1 do 3 godine mješovita,Redoviti,0
2023-03-01,Prečko,Gradski DV,TREŠNJEVKA JUG,Jaslice,1 do 3 godine mješovita,Posebni,0
2023-03-01,Prečko,Gradski DV,TREŠNJEVKA JUG,Vrtić,3 do 4 godine,Redoviti,0
2023-03-01,Prečko,Gradski DV,TREŠNJEVKA JUG,Vrtić,3 do 4 godine,Posebni,0
2023-03-01,Prečko,Gradski DV,TREŠNJEVKA JUG,Vrtić,4 do 5 godina,Redoviti,0
2023-03-01,Prečko,Gradski DV,TREŠNJEVKA JUG,Vrtić,4 do 5 godina,Posebni,0
2023-03-01,Prečko,Gradski DV,TREŠNJEVKA JUG,Vrtić,5 godina do OŠ,Redoviti,0
2023-03-01,Prečko,Gradski DV,TREŠNJEVKA JUG,Vrtić,5 godina do OŠ,Posebni,0
2023-03-01,Prečko,Gradski DV,TREŠNJEVKA JUG,Vrtić,3 godine do OŠ mješovita,Redoviti,0
2023-03-01,Prečko,Gradski DV,TREŠNJEVKA JUG,Vrtić,3 godine do OŠ mješovita,Posebni,0
2023-03-01,Srednjaci,Gradski DV,TREŠNJEVKA JUG,Jaslice,1 do 2 godine,Redoviti,0
2023-03-01,Srednjaci,Gradski DV,TREŠNJEVKA JUG,Jaslice,1 do 2 godine,Posebni,0
2023-03-01,Srednjaci,Gradski DV,TREŠNJEVKA JUG,Jaslice,2 do 3 godine,Redoviti,0
2023-03-01,Srednjaci,Gradski DV,TREŠNJEVKA JUG,Jaslice,2 do 3 godine,Posebni,0
2023-03-01,Srednjaci,Gradski DV,TREŠNJEVKA JUG,Jaslice,1 do 3 godine mješovita,Redoviti,0
2023-03-01,Srednjaci,Gradski DV,TREŠNJEVKA JUG,Jaslice,1 do 3 godine mješovita,Posebni,0
2023-03-01,Srednjaci,Gradski DV,TREŠNJEVKA JUG,Vrtić,3 do 4 godine,Redoviti,0
2023-03-01,Srednjaci,Gradski DV,TREŠNJEVKA JUG,Vrtić,3 do 4 godine,Posebni,0
2023-03-01,Srednjaci,Gradski DV,TREŠNJEVKA JUG,Vrtić,4 do 5 godina,Redoviti,0
2023-03-01,Srednjaci,Gradski DV,TREŠNJEVKA JUG,Vrtić,4 do 5 godina,Posebni,0
2023-03-01,Srednjaci,Gradski DV,TREŠNJEVKA JUG,Vrtić,5 godina do OŠ,Redoviti,0
2023-03-01,Srednjaci,Gradski DV,TREŠNJEVKA JUG,Vrtić,5 godina do OŠ,Posebni,0
2023-03-01,Srednjaci,Gradski DV,TREŠNJEVKA JUG,Vrtić,3 godine do OŠ mješovita,Redoviti,0
2023-03-01,Srednjaci,Gradski DV,TREŠNJEVKA JUG,Vrtić,3 godine do OŠ mješovita,Posebni,0
2023-03-01,Petar Pan,Gradski DV,ČRNOMEREC,Jaslice,1 do 2 godine,Redoviti,0
2023-03-01,Petar Pan,Gradski DV,ČRNOMEREC,Jaslice,1 do 2 godine,Posebni,0
2023-03-01,Petar Pan,Gradski DV,ČRNOMEREC,Jaslice,2 do 3 godine,Redoviti,0
2023-03-01,Petar Pan,Gradski DV,ČRNOMEREC,Jaslice,2 do 3 godine,Posebni,0
2023-03-01,Petar Pan,Gradski DV,ČRNOMEREC,Jaslice,1 do 3 godine mješovita,Redoviti,0
2023-03-01,Petar Pan,Gradski DV,ČRNOMEREC,Jaslice,1 do 3 godine mješovita,Posebni,0
2023-03-01,Petar Pan,Gradski DV,ČRNOMEREC,Vrtić,3 do 4 godine,Redoviti,0
2023-03-01,Petar Pan,Gradski DV,ČRNOMEREC,Vrtić,3 do 4 godine,Posebni,0
2023-03-01,Petar Pan,Gradski DV,ČRNOMEREC,Vrtić,4 do 5 godina,Redoviti,0
2023-03-01,Petar Pan,Gradski DV,ČRNOMEREC,Vrtić,4 do 5 godina,Posebni,0
2023-03-01,Petar Pan,Gradski DV,ČRNOMEREC,Vrtić,5 godina do OŠ,Redoviti,0
2023-03-01,Petar Pan,Gradski DV,ČRNOMEREC,Vrtić,5 godina do OŠ,Posebni,0
2023-03-01,Petar Pan,Gradski DV,ČRNOMEREC,Vrtić,3 godine do OŠ mješovita,Redoviti,0
2023-03-01,Petar Pan,Gradski DV,ČRNOMEREC,Vrtić,3 godine do OŠ mješovita,Posebni,0
2023-03-01,Šumska Jagoda,Gradski DV,ČRNOMEREC,Jaslice,1 do 2 godine,Redoviti,0
2023-03-01,Šumska Jagoda,Gradski DV,ČRNOMEREC,Jaslice,1 do 2 godine,Posebni,0
2023-03-01,Šumska Jagoda,Gradski DV,ČRNOMEREC,Jaslice,2 do 3 godine,Redoviti,0
2023-03-01,Šumska Jagoda,Gradski DV,ČRNOMEREC,Jaslice,2 do 3 godine,Posebni,0
2023-03-01,Šumska Jagoda,Gradski DV,ČRNOMEREC,Jaslice,1 do 3 godine mješovita,Redoviti,0
2023-03-01,Šumska Jagoda,Gradski DV,ČRNOMEREC,Jaslice,1 do 3 godine mješovita,Posebni,0
2023-03-01,Šumska Jagoda,Gradski DV,ČRNOMEREC,Vrtić,3 do 4 godine,Redoviti,0
2023-03-01,Šumska Jagoda,Gradski DV,ČRNOMEREC,Vrtić,3 do 4 godine,Posebni,0
2023-03-01,Šumska Jagoda,Gradski DV,ČRNOMEREC,Vrtić,4 do 5 godina,Redoviti,0
2023-03-01,Šumska Jagoda,Gradski DV,ČRNOMEREC,Vrtić,4 do 5 godina,Posebni,0
2023-03-01,Šumska Jagoda,Gradski DV,ČRNOMEREC,Vrtić,5 godina do OŠ,Redoviti,0
2023-03-01,Šumska Jagoda,Gradski DV,ČRNOMEREC,Vrtić,5 godina do OŠ,Posebni,0
2023-03-01,Šumska Jagoda,Gradski DV,ČRNOMEREC,Vrtić,3 godine do OŠ mješovita,Redoviti,0
2023-03-01,Šumska Jagoda,Gradski DV,ČRNOMEREC,Vrtić,3 godine do OŠ mješovita,Posebni,2
2023-03-01,Kolibri,Gradski DV,GORNJA DUBRAVA,Jaslice,1 do 2 godine,Redoviti,0
2023-03-01,Kolibri,Gradski DV,GORNJA DUBRAVA,Jaslice,1 do 2 godine,Posebni,0
2023-03-01,Kolibri,Gradski DV,GORNJA DUBRAVA,Jaslice,2 do 3 godine,Redoviti,0
2023-03-01,Kolibri,Gradski DV,GORNJA DUBRAVA,Jaslice,2 do 3 godine,Posebni,0
2023-03-01,Kolibri,Gradski DV,GORNJA DUBRAVA,Jaslice,1 do 3 godine mješovita,Redoviti,0
2023-03-01,Kolibri,Gradski DV,GORNJA DUBRAVA,Jaslice,1 do 3 godine mješovita,Posebni,0
2023-03-01,Kolibri,Gradski DV,GORNJA DUBRAVA,Vrtić,3 do 4 godine,Redoviti,0
2023-03-01,Kolibri,Gradski DV,GORNJA DUBRAVA,Vrtić,3 do 4 godine,Posebni,0
2023-03-01,Kolibri,Gradski DV,GORNJA DUBRAVA,Vrtić,4 do 5 godina,Redoviti,0
2023-03-01,Kolibri,Gradski DV,GORNJA DUBRAVA,Vrtić,4 do 5 godina,Posebni,0
2023-03-01,Kolibri,Gradski DV,GORNJA DUBRAVA,Vrtić,5 godina do OŠ,Redoviti,0
2023-03-01,Kolibri,Gradski DV,GORNJA DUBRAVA,Vrtić,5 godina do OŠ,Posebni,0
2023-03-01,Kolibri,Gradski DV,GORNJA DUBRAVA,Vrtić,3 godine do OŠ mješovita,Redoviti,0
2023-03-01,Kolibri,Gradski DV,GORNJA DUBRAVA,Vrtić,3 godine do OŠ mješovita,Posebni,1
2023-03-01,Medo Brundo,Gradski DV,GORNJA DUBRAVA,Jaslice,1 do 2 godine,Redoviti,0
2023-03-01,Medo Brundo,Gradski DV,GORNJA DUBRAVA,Jaslice,1 do 2 godine,Posebni,0
2023-03-01,Medo Brundo,Gradski DV,GORNJA DUBRAVA,Jaslice,2 do 3 godine,Redoviti,0
2023-03-01,Medo Brundo,Gradski DV,GORNJA DUBRAVA,Jaslice,2 do 3 godine,Posebni,0
2023-03-01,Medo Brundo,Gradski DV,GORNJA DUBRAVA,Jaslice,1 do 3 godine mješovita,Redoviti,0
2023-03-01,Medo Brundo,Gradski DV,GORNJA DUBRAVA,Jaslice,1 do 3 godine mješovita,Posebni,0
2023-03-01,Medo Brundo,Gradski DV,GORNJA DUBRAVA,Vrtić,3 do 4 godine,Redoviti,0
2023-03-01,Medo Brundo,Gradski DV,GORNJA DUBRAVA,Vrtić,3 do 4 godine,Posebni,0
2023-03-01,Medo Brundo,Gradski DV,GORNJA DUBRAVA,Vrtić,4 do 5 godina,Redoviti,0
2023-03-01,Medo Brundo,Gradski DV,GORNJA DUBRAVA,Vrtić,4 do 5 godina,Posebni,0
2023-03-01,Medo Brundo,Gradski DV,GORNJA DUBRAVA,Vrtić,5 godina do OŠ,Redoviti,1
2023-03-01,Medo Brundo,Gradski DV,GORNJA DUBRAVA,Vrtić,5 godina do OŠ,Posebni,0
2023-03-01,Medo Brundo,Gradski DV,GORNJA DUBRAVA,Vrtić,3 godine do OŠ mješovita,Redoviti,0
2023-03-01,Medo Brundo,Gradski DV,GORNJA DUBRAVA,Vrtić,3 godine do OŠ mješovita,Posebni,0
2023-03-01,Pčelica,Gradski DV,GORNJA DUBRAVA,Jaslice,1 do 2 godine,Redoviti,0
2023-03-01,Pčelica,Gradski DV,GORNJA DUBRAVA,Jaslice,1 do 2 godine,Posebni,0
2023-03-01,Pčelica,Gradski DV,GORNJA DUBRAVA,Jaslice,2 do 3 godine,Redoviti,0
2023-03-01,Pčelica,Gradski DV,GORNJA DUBRAVA,Jaslice,2 do 3 godine,Posebni,0
2023-03-01,Pčelica,Gradski DV,GORNJA DUBRAVA,Jaslice,1 do 3 godine mješovita,Redoviti,0
2023-03-01,Pčelica,Gradski DV,GORNJA DUBRAVA,Jaslice,1 do 3 godine mješovita,Posebni,0
2023-03-01,Pčelica,Gradski DV,GORNJA DUBRAVA,Vrtić,3 do 4 godine,Redoviti,0
2023-03-01,Pčelica,Gradski DV,GORNJA DUBRAVA,Vrtić,3 do 4 godine,Posebni,0
2023-03-01,Pčelica,Gradski DV,GORNJA DUBRAVA,Vrtić,4 do 5 godina,Redoviti,0
2023-03-01,Pčelica,Gradski DV,GORNJA DUBRAVA,Vrtić,4 do 5 godina,Posebni,0
2023-03-01,Pčelica,Gradski DV,GORNJA DUBRAVA,Vrtić,5 godina do OŠ,Redoviti,0
2023-03-01,Pčelica,Gradski DV,GORNJA DUBRAVA,Vrtić,5 godina do OŠ,Posebni,0
2023-03-01,Pčelica,Gradski DV,GORNJA DUBRAVA,Vrtić,3 godine do OŠ mješovita,Redoviti,0
2023-03-01,Pčelica,Gradski DV,GORNJA DUBRAVA,Vrtić,3 godine do OŠ mješovita,Posebni,0
2023-03-01,Poletarac,Gradski DV,GORNJA DUBRAVA,Jaslice,1 do 2 godine,Redoviti,0
2023-03-01,Poletarac,Gradski DV,GORNJA DUBRAVA,Jaslice,1 do 2 godine,Posebni,0
2023-03-01,Poletarac,Gradski DV,GORNJA DUBRAVA,Jaslice,2 do 3 godine,Redoviti,0
2023-03-01,Poletarac,Gradski DV,GORNJA DUBRAVA,Jaslice,2 do 3 godine,Posebni,0
2023-03-01,Poletarac,Gradski DV,GORNJA DUBRAVA,Jaslice,1 do 3 godine mješovita,Redoviti,0
2023-03-01,Poletarac,Gradski DV,GORNJA DUBRAVA,Jaslice,1 do 3 godine mješovita,Posebni,0
2023-03-01,Poletarac,Gradski DV,GORNJA DUBRAVA,Vrtić,3 do 4 godine,Redoviti,0
2023-03-01,Poletarac,Gradski DV,GORNJA DUBRAVA,Vrtić,3 do 4 godine,Posebni,0
2023-03-01,Poletarac,Gradski DV,GORNJA DUBRAVA,Vrtić,4 do 5 godina,Redoviti,0
2023-03-01,Poletarac,Gradski DV,GORNJA DUBRAVA,Vrtić,4 do 5 godina,Posebni,0
2023-03-01,Poletarac,Gradski DV,GORNJA DUBRAVA,Vrtić,5 godina do OŠ,Redoviti,5
2023-03-01,Poletarac,Gradski DV,GORNJA DUBRAVA,Vrtić,5 godina do OŠ,Posebni,6
2023-03-01,Poletarac,Gradski DV,GORNJA DUBRAVA,Vrtić,3 godine do OŠ mješovita,Redoviti,0
2023-03-01,Poletarac,Gradski DV,GORNJA DUBRAVA,Vrtić,3 godine do OŠ mješovita,Posebni,3
2023-03-01,Radost,Gradski DV,GORNJA DUBRAVA,Jaslice,1 do 2 godine,Redoviti,0
2023-03-01,Radost,Gradski DV,GORNJA DUBRAVA,Jaslice,1 do 2 godine,Posebni,0
2023-03-01,Radost,Gradski DV,GORNJA DUBRAVA,Jaslice,2 do 3 godine,Redoviti,0
2023-03-01,Radost,Gradski DV,GORNJA DUBRAVA,Jaslice,2 do 3 godine,Posebni,0
2023-03-01,Radost,Gradski DV,GORNJA DUBRAVA,Jaslice,1 do 3 godine mješovita,Redoviti,0
2023-03-01,Radost,Gradski DV,GORNJA DUBRAVA,Jaslice,1 do 3 godine mješovita,Posebni,0
2023-03-01,Radost,Gradski DV,GORNJA DUBRAVA,Vrtić,3 do 4 godine,Redoviti,0
2023-03-01,Radost,Gradski DV,GORNJA DUBRAVA,Vrtić,3 do 4 godine,Posebni,0
2023-03-01,Radost,Gradski DV,GORNJA DUBRAVA,Vrtić,4 do 5 godina,Redoviti,0
2023-03-01,Radost,Gradski DV,GORNJA DUBRAVA,Vrtić,4 do 5 godina,Posebni,0
2023-03-01,Radost,Gradski DV,GORNJA DUBRAVA,Vrtić,5 godina do OŠ,Redoviti,0
2023-03-01,Radost,Gradski DV,GORNJA DUBRAVA,Vrtić,5 godina do OŠ,Posebni,0
2023-03-01,Radost,Gradski DV,GORNJA DUBRAVA,Vrtić,3 godine do OŠ mješovita,Redoviti,0
2023-03-01,Radost,Gradski DV,GORNJA DUBRAVA,Vrtić,3 godine do OŠ mješovita,Posebni,0
2023-03-01,Sunce,Gradski DV,GORNJA DUBRAVA,Jaslice,1 do 2 godine,Redoviti,0
2023-03-01,Sunce,Gradski DV,GORNJA DUBRAVA,Jaslice,1 do 2 godine,Posebni,0
2023-03-01,Sunce,Gradski DV,GORNJA DUBRAVA,Jaslice,2 do 3 godine,Redoviti,0
2023-03-01,Sunce,Gradski DV,GORNJA DUBRAVA,Jaslice,2 do 3 godine,Posebni,0
2023-03-01,Sunce,Gradski DV,GORNJA DUBRAVA,Jaslice,1 do 3 godine mješovita,Redoviti,0
2023-03-01,Sunce,Gradski DV,GORNJA DUBRAVA,Jaslice,1 do 3 godine mješovita,Posebni,0
2023-03-01,Sunce,Gradski DV,GORNJA DUBRAVA,Vrtić,3 do 4 godine,Redoviti,0
2023-03-01,Sunce,Gradski DV,GORNJA DUBRAVA,Vrtić,3 do 4 godine,Posebni,0
2023-03-01,Sunce,Gradski DV,GORNJA DUBRAVA,Vrtić,4 do 5 godina,Redoviti,0
2023-03-01,Sunce,Gradski DV,GORNJA DUBRAVA,Vrtić,4 do 5 godina,Posebni,0
2023-03-01,Sunce,Gradski DV,GORNJA DUBRAVA,Vrtić,5 godina do OŠ,Redoviti,0
2023-03-01,Sunce,Gradski DV,GORNJA DUBRAVA,Vrtić,5 godina do OŠ,Posebni,0
2023-03-01,Sunce,Gradski DV,GORNJA DUBRAVA,Vrtić,3 godine do OŠ mješovita,Redoviti,0
2023-03-01,Sunce,Gradski DV,GORNJA DUBRAVA,Vrtić,3 godine do OŠ mješovita,Posebni,0
2023-03-01,Ivane Brlić Mažuranić,Gradski DV,DONJA DUBRAVA,Jaslice,1 do 2 godine,Redoviti,0
2023-03-01,Ivane Brlić Mažuranić,Gradski DV,DONJA DUBRAVA,Jaslice,1 do 2 godine,Posebni,0
2023-03-01,Ivane Brlić Mažuranić,Gradski DV,DONJA DUBRAVA,Jaslice,2 do 3 godine,Redoviti,0
2023-03-01,Ivane Brlić Mažuranić,Gradski DV,DONJA DUBRAVA,Jaslice,2 do 3 godine,Posebni,0
2023-03-01,Ivane Brlić Mažuranić,Gradski DV,DONJA DUBRAVA,Jaslice,1 do 3 godine mješovita,Redoviti,0
2023-03-01,Ivane Brlić Mažuranić,Gradski DV,DONJA DUBRAVA,Jaslice,1 do 3 godine mješovita,Posebni,0
2023-03-01,Ivane Brlić Mažuranić,Gradski DV,DONJA DUBRAVA,Vrtić,3 do 4 godine,Redoviti,0
2023-03-01,Ivane Brlić Mažuranić,Gradski DV,DONJA DUBRAVA,Vrtić,3 do 4 godine,Posebni,0
2023-03-01,Ivane Brlić Mažuranić,Gradski DV,DONJA DUBRAVA,Vrtić,4 do 5 godina,Redoviti,0
2023-03-01,Ivane Brlić Mažuranić,Gradski DV,DONJA DUBRAVA,Vrtić,4 do 5 godina,Posebni,0
2023-03-01,Ivane Brlić Mažuranić,Gradski DV,DONJA DUBRAVA,Vrtić,5 godina do OŠ,Redoviti,3
2023-03-01,Ivane Brlić Mažuranić,Gradski DV,DONJA DUBRAVA,Vrtić,5 godina do OŠ,Posebni,0
2023-03-01,Ivane Brlić Mažuranić,Gradski DV,DONJA DUBRAVA,Vrtić,3 godine do OŠ mješovita,Redoviti,0
2023-03-01,Ivane Brlić Mažuranić,Gradski DV,DONJA DUBRAVA,Vrtić,3 godine do OŠ mješovita,Posebni,0
2023-03-01,Jabuka,Gradski DV,DONJA DUBRAVA,Jaslice,1 do 2 godine,Redoviti,0
2023-03-01,Jabuka,Gradski DV,DONJA DUBRAVA,Jaslice,1 do 2 godine,Posebni,0
2023-03-01,Jabuka,Gradski DV,DONJA DUBRAVA,Jaslice,2 do 3 godine,Redoviti,0
2023-03-01,Jabuka,Gradski DV,DONJA DUBRAVA,Jaslice,2 do 3 godine,Posebni,0
2023-03-01,Jabuka,Gradski DV,DONJA DUBRAVA,Jaslice,1 do 3 godine mješovita,Redoviti,0
2023-03-01,Jabuka,Gradski DV,DONJA DUBRAVA,Jaslice,1 do 3 godine mješovita,Posebni,0
2023-03-01,Jabuka,Gradski DV,DONJA DUBRAVA,Vrtić,3 do 4 godine,Redoviti,0
2023-03-01,Jabuka,Gradski DV,DONJA DUBRAVA,Vrtić,3 do 4 godine,Posebni,0
2023-03-01,Jabuka,Gradski DV,DONJA DUBRAVA,Vrtić,4 do 5 godina,Redoviti,0
2023-03-01,Jabuka,Gradski DV,DONJA DUBRAVA,Vrtić,4 do 5 godina,Posebni,0
2023-03-01,Jabuka,Gradski DV,DONJA DUBRAVA,Vrtić,5 godina do OŠ,Redoviti,0
2023-03-01,Jabuka,Gradski DV,DONJA DUBRAVA,Vrtić,5 godina do OŠ,Posebni,0
2023-03-01,Jabuka,Gradski DV,DONJA DUBRAVA,Vrtić,3 godine do OŠ mješovita,Redoviti,0
2023-03-01,Jabuka,Gradski DV,DONJA DUBRAVA,Vrtić,3 godine do OŠ mješovita,Posebni,0
2023-03-01,Kustošija,Gradski DV,STENJEVEC,Jaslice,1 do 2 godine,Redoviti,0
2023-03-01,Kustošija,Gradski DV,STENJEVEC,Jaslice,1 do 2 godine,Posebni,0
2023-03-01,Kustošija,Gradski DV,STENJEVEC,Jaslice,2 do 3 godine,Redoviti,0
2023-03-01,Kustošija,Gradski DV,STENJEVEC,Jaslice,2 do 3 godine,Posebni,0
2023-03-01,Kustošija,Gradski DV,STENJEVEC,Jaslice,1 do 3 godine mješovita,Redoviti,0
2023-03-01,Kustošija,Gradski DV,STENJEVEC,Jaslice,1 do 3 godine mješovita,Posebni,0
2023-03-01,Kustošija,Gradski DV,STENJEVEC,Vrtić,3 do 4 godine,Redoviti,0
2023-03-01,Kustošija,Gradski DV,STENJEVEC,Vrtić,3 do 4 godine,Posebni,0
2023-03-01,Kustošija,Gradski DV,STENJEVEC,Vrtić,4 do 5 godina,Redoviti,0
2023-03-01,Kustošija,Gradski DV,STENJEVEC,Vrtić,4 do 5 godina,Posebni,0
2023-03-01,Kustošija,Gradski DV,STENJEVEC,Vrtić,5 godina do OŠ,Redoviti,0
2023-03-01,Kustošija,Gradski DV,STENJEVEC,Vrtić,5 godina do OŠ,Posebni,0
2023-03-01,Kustošija,Gradski DV,STENJEVEC,Vrtić,3 godine do OŠ mješovita,Redoviti,0
2023-03-01,Kustošija,Gradski DV,STENJEVEC,Vrtić,3 godine do OŠ mješovita,Posebni,0
2023-03-01,Malešnica,Gradski DV,STENJEVEC,Jaslice,1 do 2 godine,Redoviti,0
2023-03-01,Malešnica,Gradski DV,STENJEVEC,Jaslice,1 do 2 godine,Posebni,0
2023-03-01,Malešnica,Gradski DV,STENJEVEC,Jaslice,2 do 3 godine,Redoviti,0
2023-03-01,Malešnica,Gradski DV,STENJEVEC,Jaslice,2 do 3 godine,Posebni,0
2023-03-01,Malešnica,Gradski DV,STENJEVEC,Jaslice,1 do 3 godine mješovita,Redoviti,0
2023-03-01,Malešnica,Gradski DV,STENJEVEC,Jaslice,1 do 3 godine mješovita,Posebni,0
2023-03-01,Malešnica,Gradski DV,STENJEVEC,Vrtić,3 do 4 godine,Redoviti,0
2023-03-01,Malešnica,Gradski DV,STENJEVEC,Vrtić,3 do 4 godine,Posebni,0
2023-03-01,Malešnica,Gradski DV,STENJEVEC,Vrtić,4 do 5 godina,Redoviti,0
2023-03-01,Malešnica,Gradski DV,STENJEVEC,Vrtić,4 do 5 godina,Posebni,0
2023-03-01,Malešnica,Gradski DV,STENJEVEC,Vrtić,5 godina do OŠ,Redoviti,0
2023-03-01,Malešnica,Gradski DV,STENJEVEC,Vrtić,5 godina do OŠ,Posebni,0
2023-03-01,Malešnica,Gradski DV,STENJEVEC,Vrtić,3 godine do OŠ mješovita,Redoviti,0
2023-03-01,Malešnica,Gradski DV,STENJEVEC,Vrtić,3 godine do OŠ mješovita,Posebni,0
2023-03-01,Sunčana,Gradski DV,STENJEVEC,Jaslice,1 do 2 godine,Redoviti,0
2023-03-01,Sunčana,Gradski DV,STENJEVEC,Jaslice,1 do 2 godine,Posebni,0
2023-03-01,Sunčana,Gradski DV,STENJEVEC,Jaslice,2 do 3 godine,Redoviti,0
2023-03-01,Sunčana,Gradski DV,STENJEVEC,Jaslice,2 do 3 godine,Posebni,0
2023-03-01,Sunčana,Gradski DV,STENJEVEC,Jaslice,1 do 3 godine mješovita,Redoviti,0
2023-03-01,Sunčana,Gradski DV,STENJEVEC,Jaslice,1 do 3 godine mješovita,Posebni,0
2023-03-01,Sunčana,Gradski DV,STENJEVEC,Vrtić,3 do 4 godine,Redoviti,0
2023-03-01,Sunčana,Gradski DV,STENJEVEC,Vrtić,3 do 4 godine,Posebni,0
2023-03-01,Sunčana,Gradski DV,STENJEVEC,Vrtić,4 do 5 godina,Redoviti,0
2023-03-01,Sunčana,Gradski DV,STENJEVEC,Vrtić,4 do 5 godina,Posebni,0
2023-03-01,Sunčana,Gradski DV,STENJEVEC,Vrtić,5 godina do OŠ,Redoviti,0
2023-03-01,Sunčana,Gradski DV,STENJEVEC,Vrtić,5 godina do OŠ,Posebni,0
2023-03-01,Sunčana,Gradski DV,STENJEVEC,Vrtić,3 godine do OŠ mješovita,Redoviti,0
2023-03-01,Sunčana,Gradski DV,STENJEVEC,Vrtić,3 godine do OŠ mješovita,Posebni,0
2023-03-01,Špansko,Gradski DV,STENJEVEC,Jaslice,1 do 2 godine,Redoviti,0
2023-03-01,Špansko,Gradski DV,STENJEVEC,Jaslice,1 do 2 godine,Posebni,0
2023-03-01,Špansko,Gradski DV,STENJEVEC,Jaslice,2 do 3 godine,Redoviti,0
2023-03-01,Špansko,Gradski DV,STENJEVEC,Jaslice,2 do 3 godine,Posebni,0
2023-03-01,Špansko,Gradski DV,STENJEVEC,Jaslice,1 do 3 godine mješovita,Redoviti,0
2023-03-01,Špansko,Gradski DV,STENJEVEC,Jaslice,1 do 3 godine mješovita,Posebni,0
2023-03-01,Špansko,Gradski DV,STENJEVEC,Vrtić,3 do 4 godine,Redoviti,0
2023-03-01,Špansko,Gradski DV,STENJEVEC,Vrtić,3 do 4 godine,Posebni,0
2023-03-01,Špansko,Gradski DV,STENJEVEC,Vrtić,4 do 5 godina,Redoviti,0
2023-03-01,Špansko,Gradski DV,STENJEVEC,Vrtić,4 do 5 godina,Posebni,0
2023-03-01,Špansko,Gradski DV,STENJEVEC,Vrtić,5 godina do OŠ,Redoviti,0
2023-03-01,Špansko,Gradski DV,STENJEVEC,Vrtić,5 godina do OŠ,Posebni,0
2023-03-01,Špansko,Gradski DV,STENJEVEC,Vrtić,3 godine do OŠ mješovita,Redoviti,0
2023-03-01,Špansko,Gradski DV,STENJEVEC,Vrtić,3 godine do OŠ mješovita,Posebni,0
2023-03-01,Gajnice,Gradski DV,PODSUSED VRAPČE,Jaslice,1 do 2 godine,Redoviti,0
2023-03-01,Gajnice,Gradski DV,PODSUSED VRAPČE,Jaslice,1 do 2 godine,Posebni,0
2023-03-01,Gajnice,Gradski DV,PODSUSED VRAPČE,Jaslice,2 do 3 godine,Redoviti,0
2023-03-01,Gajnice,Gradski DV,PODSUSED VRAPČE,Jaslice,2 do 3 godine,Posebni,0
2023-03-01,Gajnice,Gradski DV,PODSUSED VRAPČE,Jaslice,1 do 3 godine mješovita,Redoviti,0
2023-03-01,Gajnice,Gradski DV,PODSUSED VRAPČE,Jaslice,1 do 3 godine mješovita,Posebni,0
2023-03-01,Gajnice,Gradski DV,PODSUSED VRAPČE,Vrtić,3 do 4 godine,Redoviti,0
2023-03-01,Gajnice,Gradski DV,PODSUSED VRAPČE,Vrtić,3 do 4 godine,Posebni,0
2023-03-01,Gajnice,Gradski DV,PODSUSED VRAPČE,Vrtić,4 do 5 godina,Redoviti,0
2023-03-01,Gajnice,Gradski DV,PODSUSED VRAPČE,Vrtić,4 do 5 godina,Posebni,0
2023-03-01,Gajnice,Gradski DV,PODSUSED VRAPČE,Vrtić,5 godina do OŠ,Redoviti,0
2023-03-01,Gajnice,Gradski DV,PODSUSED VRAPČE,Vrtić,5 godina do OŠ,Posebni,0
2023-03-01,Gajnice,Gradski DV,PODSUSED VRAPČE,Vrtić,3 godine do OŠ mješovita,Redoviti,0
2023-03-01,Gajnice,Gradski DV,PODSUSED VRAPČE,Vrtić,3 godine do OŠ mješovita,Posebni,0
2023-03-01,Vrapče,Gradski DV,PODSUSED VRAPČE,Jaslice,1 do 2 godine,Redoviti,0
2023-03-01,Vrapče,Gradski DV,PODSUSED VRAPČE,Jaslice,1 do 2 godine,Posebni,0
2023-03-01,Vrapče,Gradski DV,PODSUSED VRAPČE,Jaslice,2 do 3 godine,Redoviti,0
2023-03-01,Vrapče,Gradski DV,PODSUSED VRAPČE,Jaslice,2 do 3 godine,Posebni,0
2023-03-01,Vrapče,Gradski DV,PODSUSED VRAPČE,Jaslice,1 do 3 godine mješovita,Redoviti,0
2023-03-01,Vrapče,Gradski DV,PODSUSED VRAPČE,Jaslice,1 do 3 godine mješovita,Posebni,0
2023-03-01,Vrapče,Gradski DV,PODSUSED VRAPČE,Vrtić,3 do 4 godine,Redoviti,0
2023-03-01,Vrapče,Gradski DV,PODSUSED VRAPČE,Vrtić,3 do 4 godine,Posebni,0
2023-03-01,Vrapče,Gradski DV,PODSUSED VRAPČE,Vrtić,4 do 5 godina,Redoviti,0
2023-03-01,Vrapče,Gradski DV,PODSUSED VRAPČE,Vrtić,4 do 5 godina,Posebni,0
2023-03-01,Vrapče,Gradski DV,PODSUSED VRAPČE,Vrtić,5 godina do OŠ,Redoviti,0
2023-03-01,Vrapče,Gradski DV,PODSUSED VRAPČE,Vrtić,5 godina do OŠ,Posebni,0
2023-03-01,Vrapče,Gradski DV,PODSUSED VRAPČE,Vrtić,3 godine do OŠ mješovita,Redoviti,0
2023-03-01,Vrapče,Gradski DV,PODSUSED VRAPČE,Vrtić,3 godine do OŠ mješovita,Posebni,0
2023-03-01,Markuševec,Gradski DV,PODSLJEME,Jaslice,1 do 2 godine,Redoviti,0
2023-03-01,Markuševec,Gradski DV,PODSLJEME,Jaslice,1 do 2 godine,Posebni,0
2023-03-01,Markuševec,Gradski DV,PODSLJEME,Jaslice,2 do 3 godine,Redoviti,0
2023-03-01,Markuševec,Gradski DV,PODSLJEME,Jaslice,2 do 3 godine,Posebni,0
2023-03-01,Markuševec,Gradski DV,PODSLJEME,Jaslice,1 do 3 godine mješovita,Redoviti,0
2023-03-01,Markuševec,Gradski DV,PODSLJEME,Jaslice,1 do 3 godine mješovita,Posebni,0
2023-03-01,Markuševec,Gradski DV,PODSLJEME,Vrtić,3 do 4 godine,Redoviti,0
2023-03-01,Markuševec,Gradski DV,PODSLJEME,Vrtić,3 do 4 godine,Posebni,0
2023-03-01,Markuševec,Gradski DV,PODSLJEME,Vrtić,4 do 5 godina,Redoviti,0
2023-03-01,Markuševec,Gradski DV,PODSLJEME,Vrtić,4 do 5 godina,Posebni,0
2023-03-01,Markuševec,Gradski DV,PODSLJEME,Vrtić,5 godina do OŠ,Redoviti,0
2023-03-01,Markuševec,Gradski DV,PODSLJEME,Vrtić,5 godina do OŠ,Posebni,0
2023-03-01,Markuševec,Gradski DV,PODSLJEME,Vrtić,3 godine do OŠ mješovita,Redoviti,0
2023-03-01,Markuševec,Gradski DV,PODSLJEME,Vrtić,3 godine do OŠ mješovita,Posebni,4
2023-03-01,En ten tini,Gradski DV,SESVETE,Jaslice,1 do 2 godine,Redoviti,0
2023-03-01,En ten tini,Gradski DV,SESVETE,Jaslice,1 do 2 godine,Posebni,0
2023-03-01,En ten tini,Gradski DV,SESVETE,Jaslice,2 do 3 godine,Redoviti,0
2023-03-01,En ten tini,Gradski DV,SESVETE,Jaslice,2 do 3 godine,Posebni,0
2023-03-01,En ten tini,Gradski DV,SESVETE,Jaslice,1 do 3 godine mješovita,Redoviti,0
2023-03-01,En ten tini,Gradski DV,SESVETE,Jaslice,1 do 3 godine mješovita,Posebni,0
2023-03-01,En ten tini,Gradski DV,SESVETE,Vrtić,3 do 4 godine,Redoviti,2
2023-03-01,En ten tini,Gradski DV,SESVETE,Vrtić,3 do 4 godine,Posebni,0
2023-03-01,En ten tini,Gradski DV,SESVETE,Vrtić,4 do 5 godina,Redoviti,0
2023-03-01,En ten tini,Gradski DV,SESVETE,Vrtić,4 do 5 godina,Posebni,0
2023-03-01,En ten tini,Gradski DV,SESVETE,Vrtić,5 godina do OŠ,Redoviti,3
2023-03-01,En ten tini,Gradski DV,SESVETE,Vrtić,5 godina do OŠ,Posebni,0
2023-03-01,En ten tini,Gradski DV,SESVETE,Vrtić,3 godine do OŠ mješovita,Redoviti,0
2023-03-01,En ten tini,Gradski DV,SESVETE,Vrtić,3 godine do OŠ mješovita,Posebni,0
2023-03-01,Leptir,Gradski DV,SESVETE,Jaslice,1 do 2 godine,Redoviti,0
2023-03-01,Leptir,Gradski DV,SESVETE,Jaslice,1 do 2 godine,Posebni,0
2023-03-01,Leptir,Gradski DV,SESVETE,Jaslice,2 do 3 godine,Redoviti,0
2023-03-01,Leptir,Gradski DV,SESVETE,Jaslice,2 do 3 godine,Posebni,0
2023-03-01,Leptir,Gradski DV,SESVETE,Jaslice,1 do 3 godine mješovita,Redoviti,0
2023-03-01,Leptir,Gradski DV,SESVETE,Jaslice,1 do 3 godine mješovita,Posebni,0
2023-03-01,Leptir,Gradski DV,SESVETE,Vrtić,3 do 4 godine,Redoviti,0
2023-03-01,Leptir,Gradski DV,SESVETE,Vrtić,3 do 4 godine,Posebni,0
2023-03-01,Leptir,Gradski DV,SESVETE,Vrtić,4 do 5 godina,Redoviti,1
2023-03-01,Leptir,Gradski DV,SESVETE,Vrtić,4 do 5 godina,Posebni,0
2023-03-01,Leptir,Gradski DV,SESVETE,Vrtić,5 godina do OŠ,Redoviti,0
2023-03-01,Leptir,Gradski DV,SESVETE,Vrtić,5 godina do OŠ,Posebni,0
2023-03-01,Leptir,Gradski DV,SESVETE,Vrtić,3 godine do OŠ mješovita,Redoviti,0
2023-03-01,Leptir,Gradski DV,SESVETE,Vrtić,3 godine do OŠ mješovita,Posebni,0
2023-03-01,Sesvete,Gradski DV,SESVETE,Jaslice,1 do 2 godine,Redoviti,0
2023-03-01,Sesvete,Gradski DV,SESVETE,Jaslice,1 do 2 godine,Posebni,0
2023-03-01,Sesvete,Gradski DV,SESVETE,Jaslice,2 do 3 godine,Redoviti,0
2023-03-01,Sesvete,Gradski DV,SESVETE,Jaslice,2 do 3 godine,Posebni,0
2023-03-01,Sesvete,Gradski DV,SESVETE,Jaslice,1 do 3 godine mješovita,Redoviti,0
2023-03-01,Sesvete,Gradski DV,SESVETE,Jaslice,1 do 3 godine mješovita,Posebni,0
2023-03-01,Sesvete,Gradski DV,SESVETE,Vrtić,3 do 4 godine,Redoviti,0
2023-03-01,Sesvete,Gradski DV,SESVETE,Vrtić,3 do 4 godine,Posebni,0
2023-03-01,Sesvete,Gradski DV,SESVETE,Vrtić,4 do 5 godina,Redoviti,0
2023-03-01,Sesvete,Gradski DV,SESVETE,Vrtić,4 do 5 godina,Posebni,0
2023-03-01,Sesvete,Gradski DV,SESVETE,Vrtić,5 godina do OŠ,Redoviti,0
2023-03-01,Sesvete,Gradski DV,SESVETE,Vrtić,5 godina do OŠ,Posebni,0
2023-03-01,Sesvete,Gradski DV,SESVETE,Vrtić,3 godine do OŠ mješovita,Redoviti,0
2023-03-01,Sesvete,Gradski DV,SESVETE,Vrtić,3 godine do OŠ mješovita,Posebni,0
2023-03-01,Šegrt Hlapić,Gradski DV,SESVETE,Jaslice,1 do 2 godine,Redoviti,0
2023-03-01,Šegrt Hlapić,Gradski DV,SESVETE,Jaslice,1 do 2 godine,Posebni,0
2023-03-01,Šegrt Hlapić,Gradski DV,SESVETE,Jaslice,2 do 3 godine,Redoviti,0
2023-03-01,Šegrt Hlapić,Gradski DV,SESVETE,Jaslice,2 do 3 godine,Posebni,0
2023-03-01,Šegrt Hlapić,Gradski DV,SESVETE,Jaslice,1 do 3 godine mješovita,Redoviti,0
2023-03-01,Šegrt Hlapić,Gradski DV,SESVETE,Jaslice,1 do 3 godine mješovita,Posebni,0
2023-03-01,Šegrt Hlapić,Gradski DV,SESVETE,Vrtić,3 do 4 godine,Redoviti,0
2023-03-01,Šegrt Hlapić,Gradski DV,SESVETE,Vrtić,3 do 4 godine,Posebni,0
2023-03-01,Šegrt Hlapić,Gradski DV,SESVETE,Vrtić,4 do 5 godina,Redoviti,0
2023-03-01,Šegrt Hlapić,Gradski DV,SESVETE,Vrtić,4 do 5 godina,Posebni,0
2023-03-01,Šegrt Hlapić,Gradski DV,SESVETE,Vrtić,5 godina do OŠ,Redoviti,0
2023-03-01,Šegrt Hlapić,Gradski DV,SESVETE,Vrtić,5 godina do OŠ,Posebni,0
2023-03-01,Šegrt Hlapić,Gradski DV,SESVETE,Vrtić,3 godine do OŠ mješovita,Redoviti,0
2023-03-01,Šegrt Hlapić,Gradski DV,SESVETE,Vrtić,3 godine do OŠ mješovita,Posebni,0
2023-03-01,MIRJAM WEILLER,Privatni i vjerski DV,DONJI GRAD,Jaslice,,,0
2023-03-01,MIRJAM WEILLER,Privatni i vjerski DV,DONJI GRAD,Vrtić,,,10
2023-03-01,SUNČEKO,Privatni i vjerski DV,DONJI GRAD,Jaslice,,,0
2023-03-01,SUNČEKO,Privatni i vjerski DV,DONJI GRAD,Vrtić,,,0
2023-03-01,SVETA ANĐELA MERICI,Privatni i vjerski DV,DONJI GRAD,Jaslice,,,0
2023-03-01,SVETA ANĐELA MERICI,Privatni i vjerski DV,DONJI GRAD,Vrtić,,,0
2023-03-01,SVETOG VINKA,Privatni i vjerski DV,DONJI GRAD,Jaslice,,,0
2023-03-01,SVETOG VINKA,Privatni i vjerski DV,DONJI GRAD,Vrtić,,,0
2023-03-01,BRAT SUNCE,Privatni i vjerski DV,GORNJI GRAD – MEDVEŠČAK,Jaslice,,,0
2023-03-01,BRAT SUNCE,Privatni i vjerski DV,GORNJI GRAD – MEDVEŠČAK,Vrtić,,,3
2023-03-01,CVJETNJAK,Privatni i vjerski DV,GORNJI GRAD – MEDVEŠČAK,Jaslice,,,0
2023-03-01,CVJETNJAK,Privatni i vjerski DV,GORNJI GRAD – MEDVEŠČAK,Vrtić,,,0
2023-03-01,ČAROBNI SVIJET,Privatni i vjerski DV,GORNJI GRAD – MEDVEŠČAK,Jaslice,,,0
2023-03-01,ČAROBNI SVIJET,Privatni i vjerski DV,GORNJI GRAD – MEDVEŠČAK,Vrtić,,,0
2023-03-01,MALENI TALENTI,Privatni i vjerski DV,GORNJI GRAD – MEDVEŠČAK,Jaslice,,,0
2023-03-01,MALENI TALENTI,Privatni i vjerski DV,GORNJI GRAD – MEDVEŠČAK,Vrtić,,,0
2023-03-01,MARIJE PETKOVIĆ,Privatni i vjerski DV,GORNJI GRAD – MEDVEŠČAK,Jaslice,,,0
2023-03-01,MARIJE PETKOVIĆ,Privatni i vjerski DV,GORNJI GRAD – MEDVEŠČAK,Vrtić,,,0
2023-03-01,OBZORI,Privatni i vjerski DV,GORNJI GRAD – MEDVEŠČAK,Jaslice,,,0
2023-03-01,OBZORI,Privatni i vjerski DV,GORNJI GRAD – MEDVEŠČAK,Vrtić,,,0
2023-03-01,OŠ HUGO KON,Privatni i vjerski DV,GORNJI GRAD – MEDVEŠČAK,Jaslice,,,0
2023-03-01,OŠ HUGO KON,Privatni i vjerski DV,GORNJI GRAD – MEDVEŠČAK,Vrtić,,,7
2023-03-01,SRČEKO,Privatni i vjerski DV,GORNJI GRAD – MEDVEŠČAK,Jaslice,,,0
2023-03-01,SRČEKO,Privatni i vjerski DV,GORNJI GRAD – MEDVEŠČAK,Vrtić,,,1
2023-03-01,ŠARENA LOPTICA,Privatni i vjerski DV,GORNJI GRAD – MEDVEŠČAK,Jaslice,,,0
2023-03-01,ŠARENA LOPTICA,Privatni i vjerski DV,GORNJI GRAD – MEDVEŠČAK,Vrtić,,,3
2023-03-01,BLAŽENA HOZANA,Privatni i vjerski DV,TRNJE,Jaslice,,,0
2023-03-01,BLAŽENA HOZANA,Privatni i vjerski DV,TRNJE,Vrtić,,,0
2023-03-01,ČIGRA,Privatni i vjerski DV,TRNJE,Jaslice,,,0
2023-03-01,ČIGRA,Privatni i vjerski DV,TRNJE,Vrtić,,,0
2023-03-01,DOBRO DRVO,Privatni i vjerski DV,TRNJE,Jaslice,,,0
2023-03-01,DOBRO DRVO,Privatni i vjerski DV,TRNJE,Vrtić,,,0
2023-03-01,KREATIVNI DANI,Privatni i vjerski DV,TRNJE,Jaslice,,,0
2023-03-01,KREATIVNI DANI,Privatni i vjerski DV,TRNJE,Vrtić,,,0
2023-03-01,VITICA,Privatni i vjerski DV,TRNJE,Jaslice,,,0
2023-03-01,VITICA,Privatni i vjerski DV,TRNJE,Vrtić,,,1
2023-03-01,JORDANOVAC,Privatni i vjerski DV,MAKSIMIR,Jaslice,,,0
2023-03-01,JORDANOVAC,Privatni i vjerski DV,MAKSIMIR,Vrtić,,,0
2023-03-01,SVEMIRKO,Privatni i vjerski DV,MAKSIMIR,Jaslice,,,0
2023-03-01,SVEMIRKO,Privatni i vjerski DV,MAKSIMIR,Vrtić,,,0
2023-03-01,SVETOG FRANJE,Privatni i vjerski DV,MAKSIMIR,Jaslice,,,0
2023-03-01,SVETOG FRANJE,Privatni i vjerski DV,MAKSIMIR,Vrtić,,,0
2023-03-01,ČAROBNA ŠUMA,Privatni i vjerski DV,NOVI ZAGREB - ISTOK,Jaslice,,,0
2023-03-01,ČAROBNA ŠUMA,Privatni i vjerski DV,NOVI ZAGREB - ISTOK,Vrtić,,,0
2023-03-01,MALI ISTRAŽIVAČ,Privatni i vjerski DV,NOVI ZAGREB - ISTOK,Jaslice,,,0
2023-03-01,MALI ISTRAŽIVAČ,Privatni i vjerski DV,NOVI ZAGREB - ISTOK,Vrtić,,,0
2023-03-01,CICA MACA,Privatni i vjerski DV,NOVI ZAGREB - ZAPAD,Jaslice,,,0
2023-03-01,CICA MACA,Privatni i vjerski DV,NOVI ZAGREB - ZAPAD,Vrtić,,,0
2023-03-01,DJEČJI KORACI,Privatni i vjerski DV,NOVI ZAGREB - ZAPAD,Jaslice,,,0
2023-03-01,DJEČJI KORACI,Privatni i vjerski DV,NOVI ZAGREB - ZAPAD,Vrtić,,,0
2023-03-01,LEPTIRIĆ LU,Privatni i vjerski DV,NOVI ZAGREB - ZAPAD,Jaslice,,,0
2023-03-01,LEPTIRIĆ LU,Privatni i vjerski DV,NOVI ZAGREB - ZAPAD,Vrtić,,,0
2023-03-01,LETEĆI MEDVJEDIĆI,Privatni i vjerski DV,NOVI ZAGREB - ZAPAD,Jaslice,,,0
2023-03-01,LETEĆI MEDVJEDIĆI,Privatni i vjerski DV,NOVI ZAGREB - ZAPAD,Vrtić,,,0
2023-03-01,MALI SVIJET,Privatni i vjerski DV,NOVI ZAGREB - ZAPAD,Jaslice,,,0
2023-03-01,MALI SVIJET,Privatni i vjerski DV,NOVI ZAGREB - ZAPAD,Vrtić,,,0
2023-03-01,MUDRE GLAVICE,Privatni i vjerski DV,NOVI ZAGREB - ZAPAD,Jaslice,,,0
2023-03-01,MUDRE GLAVICE,Privatni i vjerski DV,NOVI ZAGREB - ZAPAD,Vrtić,,,0
2023-03-01,PINGVIN,Privatni i vjerski DV,NOVI ZAGREB - ZAPAD,Jaslice,,,0
2023-03-01,PINGVIN,Privatni i vjerski DV,NOVI ZAGREB - ZAPAD,Vrtić,,,0
2023-03-01,KOCKICA,Privatni i vjerski DV,TREŠNJEVKA - SJEVER,Jaslice,,,0
2023-03-01,KOCKICA,Privatni i vjerski DV,TREŠNJEVKA - SJEVER,Vrtić,,,0
2023-03-01,OŠ MONTESSORI BARUNICE DEDEE VRANYCZANI,Privatni i vjerski DV,TREŠNJEVKA - SJEVER,Jaslice,,,0
2023-03-01,OŠ MONTESSORI BARUNICE DEDEE VRANYCZANI,Privatni i vjerski DV,TREŠNJEVKA - SJEVER,Vrtić,,,0
2023-03-01,PIKULICA,Privatni i vjerski DV,TREŠNJEVKA - SJEVER,Jaslice,,,0
2023-03-01,PIKULICA,Privatni i vjerski DV,TREŠNJEVKA - SJEVER,Vrtić,,,0
2023-03-01,ČUPKO,Privatni i vjerski DV,TREŠNJEVKA - JUG,Jaslice,,,0
2023-03-01,ČUPKO,Privatni i vjerski DV,TREŠNJEVKA - JUG,Vrtić,,,0
2023-03-01,FRFI,Privatni i vjerski DV,TREŠNJEVKA - JUG,Jaslice,,,0
2023-03-01,FRFI,Privatni i vjerski DV,TREŠNJEVKA - JUG,Vrtić,,,0
2023-03-01,NEMO,Privatni i vjerski DV,TREŠNJEVKA - JUG,Jaslice,,,0
2023-03-01,NEMO,Privatni i vjerski DV,TREŠNJEVKA - JUG,Vrtić,,,0
2023-03-01,PIPI DUGA ČARAPA,Privatni i vjerski DV,TREŠNJEVKA - JUG,Jaslice,,,0
2023-03-01,PIPI DUGA ČARAPA,Privatni i vjerski DV,TREŠNJEVKA - JUG,Vrtić,,,0
2023-03-01,ŽABAC,Privatni i vjerski DV,TREŠNJEVKA - JUG,Jaslice,,,0
2023-03-01,ŽABAC,Privatni i vjerski DV,TREŠNJEVKA - JUG,Vrtić,,,1
2023-03-01,"DOBRI, Podružnica Zagreb",Privatni i vjerski DV,ČRNOMEREC,Jaslice,,,0
2023-03-01,"DOBRI, Podružnica Zagreb",Privatni i vjerski DV,ČRNOMEREC,Vrtić,,,0
2023-03-01,MALA KUĆA,Privatni i vjerski DV,ČRNOMEREC,Jaslice,,,0
2023-03-01,MALA KUĆA,Privatni i vjerski DV,ČRNOMEREC,Vrtić,,,0
2023-03-01,"SUNČEV SJAJ  NAZARET, Podružnica Zagreb",Privatni i vjerski DV,ČRNOMEREC,Jaslice,,,0
2023-03-01,"SUNČEV SJAJ  NAZARET, Podružnica Zagreb",Privatni i vjerski DV,ČRNOMEREC,Vrtić,,,0
2023-03-01,SVETE MALE TEREZIJE,Privatni i vjerski DV,ČRNOMEREC,Jaslice,,,0
2023-03-01,SVETE MALE TEREZIJE,Privatni i vjerski DV,ČRNOMEREC,Vrtić,,,0
2023-03-01,DJEČJA IGRA,Privatni i vjerski DV,GORNJA DUBRAVA,Jaslice,,,0
2023-03-01,DJEČJA IGRA,Privatni i vjerski DV,GORNJA DUBRAVA,Vrtić,,,0
2023-03-01,MALI CVRČAK,Privatni i vjerski DV,GORNJA DUBRAVA,Jaslice,,,0
2023-03-01,MALI CVRČAK,Privatni i vjerski DV,GORNJA DUBRAVA,Vrtić,,,0
2023-03-01,SVETOG JOSIPA,Privatni i vjerski DV,GORNJA DUBRAVA,Jaslice,,,0
2023-03-01,SVETOG JOSIPA,Privatni i vjerski DV,GORNJA DUBRAVA,Vrtić,,,0
2023-03-01,VESELA KUĆICA,Privatni i vjerski DV,GORNJA DUBRAVA,Jaslice,,,0
2023-03-01,VESELA KUĆICA,Privatni i vjerski DV,GORNJA DUBRAVA,Vrtić,,,0
2023-03-01,RIBICA,Privatni i vjerski DV,DONJA DUBRAVA,Jaslice,,,0
2023-03-01,RIBICA,Privatni i vjerski DV,DONJA DUBRAVA,Vrtić,,,0
2023-03-01,ČAROBNI DVORAC,Privatni i vjerski DV,STENJEVEC,Jaslice,,,0
2023-03-01,ČAROBNI DVORAC,Privatni i vjerski DV,STENJEVEC,Vrtić,,,0
2023-03-01,HARFA,Privatni i vjerski DV,STENJEVEC,Jaslice,,,0
2023-03-01,HARFA,Privatni i vjerski DV,STENJEVEC,Vrtić,,,0
2023-03-01,MONTESSORI,Privatni i vjerski DV,STENJEVEC,Jaslice,,,0
2023-03-01,MONTESSORI,Privatni i vjerski DV,STENJEVEC,Vrtić,,,0
2023-03-01,PALČIĆ,Privatni i vjerski DV,STENJEVEC,Jaslice,,,0
2023-03-01,PALČIĆ,Privatni i vjerski DV,STENJEVEC,Vrtić,,,0
2023-03-01,PANDA,Privatni i vjerski DV,STENJEVEC,Jaslice,,,0
2023-03-01,PANDA,Privatni i vjerski DV,STENJEVEC,Vrtić,,,0
2023-03-01,"BAMBI, Podružnica Zagreb",Privatni i vjerski DV,PODSUSED - VRAPČE,Jaslice,,,0
2023-03-01,"BAMBI, Podružnica Zagreb",Privatni i vjerski DV,PODSUSED - VRAPČE,Vrtić,,,2
2023-03-01,ČAROBNA KUĆICA,Privatni i vjerski DV,PODSUSED - VRAPČE,Jaslice,,,0
2023-03-01,ČAROBNA KUĆICA,Privatni i vjerski DV,PODSUSED - VRAPČE,Vrtić,,,0
2023-03-01,KOŠNICA,Privatni i vjerski DV,PODSUSED - VRAPČE,Jaslice,,,0
2023-03-01,KOŠNICA,Privatni i vjerski DV,PODSUSED - VRAPČE,Vrtić,,,0
2023-03-01,KUĆICA,Privatni i vjerski DV,PODSUSED - VRAPČE,Jaslice,,,0
2023-03-01,KUĆICA,Privatni i vjerski DV,PODSUSED - VRAPČE,Vrtić,,,0
2023-03-01,LIMAČ,Privatni i vjerski DV,PODSUSED - VRAPČE,Jaslice,,,0
2023-03-01,LIMAČ,Privatni i vjerski DV,PODSUSED - VRAPČE,Vrtić,,,0
2023-03-01,MAČAK U ČIZMAMA,Privatni i vjerski DV,PODSLJEME,Jaslice,,,0
2023-03-01,MAČAK U ČIZMAMA,Privatni i vjerski DV,PODSLJEME,Vrtić,,,0
2023-03-01,OŠ KREATIVAN RAZVOJ,Privatni i vjerski DV,PODSLJEME,Jaslice,,,0
2023-03-01,OŠ KREATIVAN RAZVOJ,Privatni i vjerski DV,PODSLJEME,Vrtić,,,3
2023-03-01,BALTAZAR,Privatni i vjerski DV,SESVETE,Jaslice,,,0
2023-03-01,BALTAZAR,Privatni i vjerski DV,SESVETE,Vrtić,,,0
2023-03-01,KOKO,Privatni i vjerski DV,SESVETE,Jaslice,,,0
2023-03-01,KOKO,Privatni i vjerski DV,SESVETE,Vrtić,,,0
2023-03-01,MAČAK PAŠKO,Privatni i vjerski DV,SESVETE,Jaslice,,,0
2023-03-01,MAČAK PAŠKO,Privatni i vjerski DV,SESVETE,Vrtić,,,1
2023-03-01,VESELA PANDICA,Privatni i vjerski DV,SESVETE,Jaslice,,,0
2023-03-01,VESELA PANDICA,Privatni i vjerski DV,SESVETE,Vrtić,,,0
2023-03-01,VRAPČIĆ,Privatni i vjerski DV,SESVETE,Jaslice,,,0
2023-03-01,VRAPČIĆ,Privatni i vjerski DV,SESVETE,Vrtić,,,0
2023-03-01,ZVONČICA,Privatni i vjerski DV,SESVETE,Jaslice,,,0
2023-03-01,ZVONČICA,Privatni i vjerski DV,SESVETE,Vrtić,,,0
